group,case,parameters,mean disp,peak disp,moving/fixed vox,TLD before,BD before,status,TLD,BD,branches,DSC,g0 BD,g0 det,g1 BD,g1 det,g2 BD,g2 det,g3 BD,g3 det,g4 BD,g4 det,g5 BD,g5 det,seconds,outputs,verdict
0 identity,identity,none,0.0,0.0,1.0,1.0,1.0,ok,1.0,1.0,63/63,1.0,1.0,1/1,1.0,2/2,1.0,4/4,1.0,8/8,1.0,16/16,1.0,32/32,5.856953382492065,cli_outputs/0_identity/identity,PASS
1 translation,"t=(2, 0, 0)",|t|=2.0,2.0,2.0,1.0,0.7193999999999999,0.6825,ok,1.0,1.0,63/63,1.0,1.0,1/1,1.0,2/2,1.0,4/4,1.0,8/8,1.0,16/16,1.0,32/32,5.792872667312622,cli_outputs/1_translation/t=_2_0_0,PASS
1 translation,"t=(0, 5, 0)",|t|=5.0,5.0,5.0,1.0,0.2757,0.15869999999999998,ok,1.0,1.0,63/63,1.0,1.0,1/1,1.0,2/2,1.0,4/4,1.0,8/8,1.0,16/16,1.0,32/32,5.827627658843994,cli_outputs/1_translation/t=_0_5_0,PASS
1 translation,"t=(5, 5, 5)",|t|=8.7,8.660254037844384,8.660254037844387,1.0,0.030600000000000002,0.0159,ok,1.0,1.0,63/63,1.0,1.0,1/1,1.0,2/2,1.0,4/4,1.0,8/8,1.0,16/16,1.0,32/32,5.801842212677002,cli_outputs/1_translation/t=_5_5_5,PASS
1 translation,"t=(10, -10, 5)",|t|=15.0,15.0,15.0,1.0,0.0086,0.0,ok,1.0,1.0,63/63,1.0,1.0,1/1,1.0,2/2,1.0,4/4,1.0,8/8,1.0,16/16,1.0,32/32,5.7982752323150635,cli_outputs/1_translation/t=_10_-10_5,PASS
1 translation,"t=(20, 15, -10)",|t|=26.9,26.92582403567252,26.92582403567252,1.0,0.0,0.0,ok,1.0,1.0,63/63,1.0,1.0,1/1,1.0,2/2,1.0,4/4,1.0,8/8,1.0,16/16,1.0,32/32,5.842104434967041,cli_outputs/1_translation/t=_20_15_-10,PASS
1 translation,"t=(30, -25, 20)",|t|=43.9,43.87482193696061,43.87482193696061,1.0,0.0037,0.0,ok,1.0,1.0,63/63,1.0,1.0,1/1,1.0,2/2,1.0,4/4,1.0,8/8,1.0,16/16,1.0,32/32,5.76805305480957,cli_outputs/1_translation/t=_30_-25_20,PASS
1 translation,"t=(45, 30, -30)",|t|=61.8,61.84658438426493,61.84658438426491,0.9566923866018465,0.0,0.0,ok,0.9865,1.0,63/63,0.9779000000000001,1.0,1/1,1.0,2/2,1.0,4/4,1.0,8/8,1.0,16/16,1.0,32/32,5.653689384460449,cli_outputs/1_translation/t=_45_30_-30,PASS
2 rotation,"r=(5, 0, 0)","angles=(5, 0, 0)",2.3028604889279904,7.459807980525607,0.9831408054948486,0.3321,0.20629999999999998,ok,0.9669,1.0,63/63,0.9311,1.0,1/1,1.0,2/2,1.0,4/4,1.0,8/8,1.0,16/16,1.0,32/32,6.640655279159546,cli_outputs/2_rotation/r=_5_0_0,PASS
2 rotation,"r=(0, 10, 0)","angles=(0, 10, 0)",5.670919595088597,13.535048561077828,0.9933990455376656,0.174,0.0635,ok,0.9608,1.0,63/63,0.8381000000000001,1.0,1/1,1.0,2/2,1.0,4/4,1.0,8/8,1.0,16/16,1.0,32/32,6.65509295463562,cli_outputs/2_rotation/r=_0_10_0,PASS
2 rotation,"r=(0, 0, 15)","angles=(0, 0, 15)",11.009664238168908,23.315946699923668,0.9910797912671157,0.0625,0.0317,ok,0.9265000000000001,0.9682999999999999,61/63,0.8813,1.0,1/1,1.0,2/2,1.0,4/4,1.0,8/8,0.9375,15/16,0.9688,31/32,7.191493511199951,cli_outputs/2_rotation/r=_0_0_15,FAIL (gen 4+)
2 rotation,"r=(10, 10, 10)","angles=(10, 10, 10)",11.29643691984884,26.550460997476367,0.9819365773159092,0.0821,0.047599999999999996,ok,0.9412,0.9841,62/63,0.8558,1.0,1/1,1.0,2/2,1.0,4/4,1.0,8/8,0.9375,15/16,1.0,32/32,7.370090961456299,cli_outputs/2_rotation/r=_10_10_10,FAIL (gen 4+)
2 rotation,"r=(20, -15, 10)","angles=(20, -15, 10)",14.083498602666655,39.3346200254961,0.9817581731412515,0.0625,0.0317,ok,0.9277,1.0,63/63,0.8365,1.0,1/1,1.0,2/2,1.0,4/4,1.0,8/8,1.0,16/16,1.0,32/32,7.781120777130127,cli_outputs/2_rotation/r=_20_-15_10,FAIL (TLD)
2 rotation,"r=(30, 20, -25)","angles=(30, 20, -25)",22.888014626899015,61.68355674138265,0.9823379867088889,0.030600000000000002,0.0,ok,0.9081,0.9682999999999999,61/63,0.8181,1.0,1/1,1.0,2/2,1.0,4/4,1.0,8/8,0.9375,15/16,0.9688,31/32,7.903174161911011,cli_outputs/2_rotation/r=_30_20_-25,FAIL (gen 4+)
2 rotation,"r=(45, 0, 0)","angles=(45, 0, 0)",20.203551892644153,65.44669916755105,0.9682440569109317,0.0968,0.0159,ok,0.8957999999999999,0.9841,62/63,0.8170999999999999,1.0,1/1,1.0,2/2,1.0,4/4,1.0,8/8,0.9375,15/16,1.0,32/32,8.395691394805908,cli_outputs/2_rotation/r=_45_0_0,FAIL (gen 4+)
2 rotation,"r=(0, 0, 60)","angles=(0, 0, 60)",42.17415696769858,89.3152029617771,0.9949154810222559,0.0245,0.0159,"error: Deformable evaluation needs at least 4 paired landmarks for the thin-plate spline, found 3",,,,,,,,,,,,,,,,,5.321730852127075,cli_outputs/2_rotation/r=_0_0_60,ERROR
3 translation+rotation,"r=(5, 5, 0) t=(3, -3, 2)","angles=(5, 5, 0) t=(3, -3, 2)",6.296952393979904,11.07199532489074,0.9824271887962178,0.1887,0.11109999999999999,ok,0.9436,1.0,63/63,0.8886,1.0,1/1,1.0,2/2,1.0,4/4,1.0,8/8,1.0,16/16,1.0,32/32,7.184962272644043,cli_outputs/3_translation+rotation/r=_5_5_0_t=_3_-3_2,FAIL (TLD)
3 translation+rotation,"r=(10, -5, 5) t=(8, 6, -4)","angles=(10, -5, 5) t=(8, 6, -4)",12.740760952011613,24.4344559002821,0.9810445564426208,0.0417,0.0317,ok,0.9216,1.0,63/63,0.8599,1.0,1/1,1.0,2/2,1.0,4/4,1.0,8/8,1.0,16/16,1.0,32/32,7.759535074234009,cli_outputs/3_translation+rotation/r=_10_-5_5_t=_8_6_-4,FAIL (TLD)
3 translation+rotation,"r=(15, 10, -10) t=(15, -10, 8)","angles=(15, 10, -10) t=(15, -10, 8)",22.679191893510122,42.05260356334253,0.9835868159314928,0.0037,0.0,ok,0.924,0.9682999999999999,61/63,0.8033,1.0,1/1,1.0,2/2,1.0,4/4,1.0,8/8,0.9375,15/16,0.9688,31/32,7.237131834030151,cli_outputs/3_translation+rotation/r=_15_10_-10_t=_15_-10_8,FAIL (gen 4+)
3 translation+rotation,"r=(25, -20, 15) t=(20, 20, -15)","angles=(25, -20, 15) t=(20, 20, -15)",36.52032603933115,67.10536303115204,0.981713572097587,0.013500000000000002,0.0,ok,0.9338,0.9682999999999999,61/63,0.8608,1.0,1/1,1.0,2/2,1.0,4/4,1.0,8/8,1.0,16/16,0.9375,30/32,7.492251634597778,cli_outputs/3_translation+rotation/r=_25_-20_15_t=_20_20_-15,FAIL (gen 5+)
3 translation+rotation,"r=(35, 25, -20) t=(30, -25, 20)","angles=(35, 25, -20) t=(30, -25, 20)",49.052547830937776,92.03043576189407,0.9820703804469024,0.0025,0.0,ok,0.9093000000000001,0.9682999999999999,61/63,0.8359000000000001,1.0,1/1,1.0,2/2,1.0,4/4,0.875,7/8,1.0,16/16,0.9688,31/32,7.347794055938721,cli_outputs/3_translation+rotation/r=_35_25_-20_t=_30_-25_20,FAIL (gen 3+)
3 translation+rotation,"r=(45, -30, 30) t=(40, 30, -25)","angles=(45, -30, 30) t=(40, 30, -25)",62.00850384086651,119.8943400959598,0.9804201418313189,0.0123,0.0159,ok,0.8456,0.9048,57/63,0.8057,1.0,1/1,1.0,2/2,1.0,4/4,0.875,7/8,0.875,14/16,0.9062,29/32,7.827883720397949,cli_outputs/3_translation+rotation/r=_45_-30_30_t=_40_30_-25,FAIL (gen 3+)
4 translation+rotation+shear,"r=(5, 0, 5) t=(3, -3, 2) s=(0.02, 0.0, 0.0)","angles=(5, 0, 5) t=(3, -3, 2) shear=(0.02, 0.0, 0.0)",6.4876357870859955,10.665939831494798,0.9814013647919362,0.163,0.0794,ok,0.94,0.9841,62/63,0.8854000000000001,1.0,1/1,1.0,2/2,1.0,4/4,1.0,8/8,0.9375,15/16,1.0,32/32,7.105132579803467,cli_outputs/4_translation+rotation+shear/r=_5_0_5_t=_3_-3_2_s=_0.02_0.0_0.0,FAIL (gen 4+)
4 translation+rotation+shear,"r=(10, -5, 5) t=(8, 6, -4) s=(0.05, 0.02, 0.0)","angles=(10, -5, 5) t=(8, 6, -4) shear=(0.05, 0.02, 0.0)",12.73300484220927,22.186139511847397,0.9810445564426208,0.030600000000000002,0.0159,ok,0.9105,1.0,63/63,0.8532,1.0,1/1,1.0,2/2,1.0,4/4,1.0,8/8,1.0,16/16,1.0,32/32,7.636556386947632,cli_outputs/4_translation+rotation+shear/r=_10_-5_5_t=_8_6_-4_s=_0.05_0.02_0.0,FAIL (TLD)
4 translation+rotation+shear,"r=(10, 10, -10) t=(10, -8, 6) s=(0.1, 0.05, 0.05)","angles=(10, 10, -10) t=(10, -8, 6) shear=(0.1, 0.05, 0.05)",17.877453473580488,38.61896027394356,0.9805093439186477,0.0196,0.0159,ok,0.9093000000000001,0.9523999999999999,60/63,0.8311,1.0,1/1,1.0,2/2,1.0,4/4,1.0,8/8,0.9375,15/16,0.9375,30/32,7.781303882598877,cli_outputs/4_translation+rotation+shear/r=_10_10_-10_t=_10_-8_6_s=_0.1_0.05_0.05,FAIL (gen 4+)
4 translation+rotation+shear,"r=(15, -10, 10) t=(15, 10, -10) s=(0.15, 0.1, 0.05)","angles=(15, -10, 10) t=(15, 10, -10) shear=(0.15, 0.1, 0.05)",23.495519199397748,37.17722430036326,0.9807769501806343,0.0123,0.0,ok,0.8798999999999999,0.9206,58/63,0.8126000000000001,1.0,1/1,1.0,2/2,1.0,4/4,1.0,8/8,0.875,14/16,0.9062,29/32,7.723954916000366,cli_outputs/4_translation+rotation+shear/r=_15_-10_10_t=_15_10_-10_s=_0.15_0.1_0.05,FAIL (gen 4+)
4 translation+rotation+shear,"r=(20, 15, -15) t=(20, -15, 10) s=(0.25, 0.15, 0.1)","angles=(20, 15, -15) t=(20, -15, 10) shear=(0.25, 0.15, 0.1)",31.692688734824454,72.34379836805293,0.9805539449623121,0.0074,0.0,ok,0.7843000000000001,0.8254,52/63,0.6819,1.0,1/1,1.0,2/2,1.0,4/4,1.0,8/8,0.5,8/16,0.9062,29/32,7.507577419281006,cli_outputs/4_translation+rotation+shear/r=_20_15_-15_t=_20_-15_10_s=_0.25_0.15_0.1,FAIL (gen 4+)
4 translation+rotation+shear,"r=(30, -20, 20) t=(25, 20, -15) s=(0.35, 0.2, 0.15)","angles=(30, -20, 20) t=(25, 20, -15) shear=(0.35, 0.2, 0.15)",41.655355620021616,70.35494865023539,0.981713572097587,0.013500000000000002,0.0,ok,0.435,0.4603,29/63,0.40130000000000005,0.0,0/1,1.0,2/2,1.0,4/4,0.75,6/8,0.3125,5/16,0.375,12/32,7.722259759902954,cli_outputs/4_translation+rotation+shear/r=_30_-20_20_t=_25_20_-15_s=_0.35_0.2_0.15,FAIL (gen 0+)
5 nonrigid,peak=1,"peak disp=1 vox, mesh=6",0.3791960108222437,1.0000000000000075,0.9850586503724187,0.9804,1.0,ok,0.9571,0.9841,62/63,0.9387000000000001,1.0,1/1,1.0,2/2,1.0,4/4,1.0,8/8,1.0,16/16,0.9688,31/32,6.368776798248291,cli_outputs/5_nonrigid/peak=1,FAIL (gen 5+)
5 nonrigid,peak=2,"peak disp=2 vox, mesh=6",0.7583920216444875,1.9999999999999944,0.9608848847063022,0.9044,0.8889,ok,0.9142,1.0,63/63,0.8243,1.0,1/1,1.0,2/2,1.0,4/4,1.0,8/8,1.0,16/16,1.0,32/32,7.116230249404907,cli_outputs/5_nonrigid/peak=2,FAIL (TLD)
5 nonrigid,peak=4,"peak disp=4 vox, mesh=6",1.516784043288975,4.000000000000005,0.9554435573792427,0.6814,0.5556,ok,0.9338,0.9682999999999999,61/63,0.8195999999999999,1.0,1/1,1.0,2/2,1.0,4/4,1.0,8/8,1.0,16/16,0.9375,30/32,7.053106307983398,cli_outputs/5_nonrigid/peak=4,FAIL (gen 5+)
5 nonrigid,peak=6,"peak disp=6 vox, mesh=6",2.2751760649334622,6.0,0.9459435350787209,0.4926,0.3651,ok,0.9093000000000001,0.9365000000000001,59/63,0.8315,1.0,1/1,1.0,2/2,1.0,4/4,0.875,7/8,0.9375,15/16,0.9375,30/32,15.550935745239258,cli_outputs/5_nonrigid/peak=6,FAIL (gen 3+)
5 nonrigid,peak=8,"peak disp=8 vox, mesh=6",3.0335680865779495,7.999999999999995,0.9371125284331653,0.3836,0.23809999999999998,ok,0.9362999999999999,0.9841,62/63,0.7825,1.0,1/1,1.0,2/2,1.0,4/4,1.0,8/8,0.9375,15/16,1.0,32/32,6.509237766265869,cli_outputs/5_nonrigid/peak=8,FAIL (gen 4+)
5 nonrigid,peak=12,"peak disp=12 vox, mesh=6",4.5503521298669245,12.0,0.9221265777619196,0.2672,0.1429,ok,0.69,0.6667000000000001,42/63,0.7245,1.0,1/1,1.0,2/2,1.0,4/4,0.75,6/8,0.625,10/16,0.5938,19/32,6.497182846069336,cli_outputs/5_nonrigid/peak=12,FAIL (gen 3+)
5 nonrigid,peak=16,"peak disp=16 vox, mesh=6",6.0671361731559,16.00000000000001,0.9106195084964989,0.174,0.0635,ok,0.5012,0.4603,29/63,0.5314,1.0,1/1,1.0,2/2,1.0,4/4,0.625,5/8,0.375,6/16,0.34380000000000005,11/32,6.432018995285034,cli_outputs/5_nonrigid/peak=16,FAIL (gen 3+)
5 nonrigid,peak=24,"peak disp=24 vox, mesh=6",9.100704259733849,24.00000000000003,0.889166406493912,0.065,0.047599999999999996,"error: Deformable evaluation needs at least 4 paired landmarks for the thin-plate spline, found 2",,,,,,,,,,,,,,,,,6.1254682540893555,cli_outputs/5_nonrigid/peak=24,ERROR
6 breath hold,cc=2%,cc=2% lat=1% ap=1%,1.5562698470847272,2.489654195059037,1.015877971544534,0.8064,0.7619,ok,0.951,1.0,63/63,0.8906000000000001,1.0,1/1,1.0,2/2,1.0,4/4,1.0,8/8,1.0,16/16,1.0,32/32,6.147188425064087,cli_outputs/6_breath_hold/cc=2,PASS
6 breath hold,cc=5%,cc=5% lat=2% ap=2%,3.890674617711819,6.224135487647593,1.0305517149101289,0.3958,0.254,ok,0.9338,0.9682999999999999,61/63,0.8792,1.0,1/1,1.0,2/2,1.0,4/4,1.0,8/8,1.0,16/16,0.9375,30/32,6.8271002769470215,cli_outputs/6_breath_hold/cc=5,FAIL (gen 5+)
6 breath hold,cc=10%,cc=10% lat=5% ap=3%,7.781349235423638,12.448270975295186,1.0563311181481647,0.2132,0.09519999999999999,ok,0.9473,0.9841,62/63,0.8784000000000001,1.0,1/1,1.0,2/2,1.0,4/4,1.0,8/8,1.0,16/16,0.9688,31/32,7.657371520996094,cli_outputs/6_breath_hold/cc=10,FAIL (gen 5+)
6 breath hold,cc=15%,cc=15% lat=8% ap=4%,11.672023853135455,18.672406462942778,1.0835823558271263,0.1801,0.0635,ok,0.9167000000000001,0.9841,62/63,0.825,1.0,1/1,1.0,2/2,1.0,4/4,1.0,8/8,1.0,16/16,0.9688,31/32,7.124811410903931,cli_outputs/6_breath_hold/cc=15,FAIL (gen 5+)
6 breath hold,cc=20%,cc=20% lat=10% ap=6%,15.562698470847277,24.896541950590372,1.107979126711565,0.1458,0.0635,ok,0.8957999999999999,0.9682999999999999,61/63,0.7367,1.0,1/1,1.0,2/2,1.0,4/4,1.0,8/8,0.9375,15/16,0.9688,31/32,7.212099075317383,cli_outputs/6_breath_hold/cc=20,FAIL (gen 4+)
6 breath hold,cc=30%,cc=30% lat=15% ap=9%,23.34404770627091,37.344812925885556,1.1598501404932875,0.1127,0.0317,"error: Deformable evaluation needs at least 4 paired landmarks for the thin-plate spline, found 2",,,,,,,,,,,,,,,,,6.278490304946899,cli_outputs/6_breath_hold/cc=30,ERROR
6 breath hold,cc=10% asym,cc=10% lat=5% ap=3% asym=0.5,7.822236704275614,12.63707871230579,1.0571339369341242,0.2157,0.11109999999999999,ok,0.9167000000000001,0.9682999999999999,61/63,0.8390000000000001,1.0,1/1,1.0,2/2,1.0,4/4,1.0,8/8,1.0,16/16,0.9375,30/32,7.328212261199951,cli_outputs/6_breath_hold/cc=10_asym,FAIL (gen 5+)
6 breath hold,cc=10% +shift,"cc=10% lat=5% ap=3% shift=(8, -6, 4)",17.278280618267566,22.090834848466038,1.0563311181481647,0.0245,0.0,ok,0.9473,0.9841,62/63,0.8784000000000001,1.0,1/1,1.0,2/2,1.0,4/4,1.0,8/8,1.0,16/16,0.9688,31/32,6.915564060211182,cli_outputs/6_breath_hold/cc=10_+shift,FAIL (gen 5+)
