tree,family,level,peak_disp,TLD_unregistered,TLD,recovery,BD_unregistered,BD,gen 0,gen 1,gen 2,gen 3,gen 4,gen 5,verdict
non-planar,identity,none,0.0,100.0,100.0,,100.0,100.0,1/1,2/2,4/4,8/8,16/16,32/32,PASS
non-planar,translation,5 vox,5.000000000000004,20.96,94.73,0.9333248987854253,11.11,100.0,1/1,2/2,4/4,8/8,16/16,32/32,fail
non-planar,translation,15 vox,15.000000000000009,0.74,94.73,0.9469071126334878,0.0,100.0,1/1,2/2,4/4,8/8,16/16,32/32,fail
non-planar,translation,30 vox,30.0,0.74,100.0,1.0,0.0,100.0,1/1,2/2,4/4,8/8,16/16,32/32,PASS
non-planar,translation,60 vox,60.0,0.0,100.0,1.0,0.0,100.0,1/1,2/2,4/4,8/8,16/16,32/32,PASS
non-planar,rotation,5°,7.5866302956381055,32.11,93.14,0.8989541906024452,22.22,96.83,1/1,2/2,4/4,8/8,15/16,31/32,fail
non-planar,rotation,10°,15.158819009312644,17.89,93.38,0.9193764462306662,9.52,98.41,1/1,2/2,4/4,8/8,16/16,31/32,fail
non-planar,rotation,20°,30.202270252819204,7.35,93.87,0.933837021046951,4.76,100.0,1/1,2/2,4/4,8/8,16/16,32/32,fail
non-planar,rotation,30°,45.01586398307241,4.29,93.87,0.9359523560756452,1.59,100.0,1/1,2/2,4/4,8/8,16/16,32/32,fail
non-planar,rotation,45°,66.55934200320719,1.35,92.65,0.9254941713127218,0.0,95.24,1/1,2/2,4/4,8/8,15/16,30/32,fail
non-planar,rotation+translation,5° + 10 vox,14.898752028749549,6.25,94.0,0.936,3.17,96.83,1/1,2/2,4/4,8/8,16/16,30/32,fail
non-planar,rotation+translation,10° + 20 vox,29.91133853120408,1.96,94.49,0.943798449612403,0.0,100.0,1/1,2/2,4/4,8/8,16/16,32/32,fail
non-planar,rotation+translation,20° + 30 vox,50.38027942961403,1.59,92.4,0.9227720760085357,0.0,96.83,1/1,2/2,4/4,8/8,15/16,31/32,fail
non-planar,rotation+translation,30° + 40 vox,70.97056334824784,1.84,94.12,0.9400977995110025,1.59,100.0,1/1,2/2,4/4,8/8,16/16,32/32,fail
non-planar,affine (shear),shear 0.02,23.89525568228101,2.45,95.59,0.9547924141465916,0.0,100.0,1/1,2/2,4/4,8/8,16/16,32/32,PASS
non-planar,affine (shear),shear 0.05,24.28279909234104,2.7,92.4,0.9218910585817062,1.59,95.24,1/1,2/2,4/4,8/8,14/16,31/32,fail
non-planar,affine (shear),shear 0.1,25.385169118102954,3.06,92.52,0.9228388694037548,1.59,96.83,1/1,2/2,4/4,8/8,16/16,30/32,fail
non-planar,affine (shear),shear 0.2,29.026527004553422,11.64,87.99,0.8640787686736079,9.52,92.06,1/1,2/2,4/4,8/8,13/16,30/32,fail
non-planar,nonrigid,1 vox,1.0000000000000075,98.04,95.71,-1.1887755102040918,100.0,98.41,1/1,2/2,4/4,8/8,16/16,31/32,fail
non-planar,nonrigid,2 vox,1.9999999999999944,90.44,91.42,0.10251046025104642,88.89,100.0,1/1,2/2,4/4,8/8,16/16,32/32,fail
non-planar,nonrigid,4 vox,4.000000000000005,68.14,93.38,0.7922159447583175,55.56,96.83,1/1,2/2,4/4,8/8,16/16,30/32,fail
non-planar,nonrigid,6 vox,6.0,49.26,90.93,0.8212455656286954,36.51,93.65,1/1,2/2,4/4,7/8,15/16,30/32,fail
non-planar,nonrigid,8 vox,7.999999999999995,38.36,93.63,0.8966580142764438,23.81,98.41,1/1,2/2,4/4,8/8,15/16,32/32,fail
non-planar,nonrigid,12 vox,12.0,26.72,69.0,0.5769650655021834,14.29,66.67,1/1,2/2,4/4,6/8,10/16,19/32,fail
non-planar,nonrigid,16 vox,16.00000000000001,17.4,50.12,0.3961259079903148,6.35,46.03,1/1,2/2,4/4,5/8,6/16,11/32,fail
non-planar,breath hold,2%,2.489654195059037,80.64,95.1,0.7469008264462806,76.19,100.0,1/1,2/2,4/4,8/8,16/16,32/32,PASS
non-planar,breath hold,5%,6.224135487647593,39.58,93.38,0.8904336312479311,25.4,96.83,1/1,2/2,4/4,8/8,16/16,30/32,fail
non-planar,breath hold,10%,12.448270975295186,21.32,94.73,0.9330198271479409,9.52,98.41,1/1,2/2,4/4,8/8,16/16,31/32,fail
non-planar,breath hold,15%,18.672406462942774,18.01,91.67,0.898402244176119,6.35,98.41,1/1,2/2,4/4,8/8,16/16,31/32,fail
non-planar,breath hold,20%,24.89654195059037,14.58,89.58,0.8780145165066728,6.35,96.83,1/1,2/2,4/4,8/8,15/16,31/32,fail
non-planar,breath hold,25%,31.12067743823797,11.64,59.68,0.5436849253055681,3.17,65.08,0/1,1/2,4/4,6/8,9/16,21/32,fail
non-planar,breath hold,30%,37.34481292588556,11.27,,-0.12701453848754649,3.17,,–,–,–,–,–,–,ERROR
planar,identity,none,0.0,100.0,100.0,,100.0,100.0,1/1,2/2,4/4,8/8,16/16,24/24,PASS
planar,translation,5 vox,5.000000000000004,12.6,94.36,0.9354691075514874,3.64,96.36,1/1,2/2,4/4,8/8,15/16,23/24,fail
planar,translation,15 vox,15.000000000000009,0.0,94.36,0.9436,0.0,96.36,1/1,2/2,4/4,8/8,15/16,23/24,fail
planar,translation,30 vox,30.0,0.0,100.0,1.0,0.0,100.0,1/1,2/2,4/4,8/8,16/16,24/24,PASS
planar,translation,60 vox,59.99999999999999,0.0,100.0,1.0,0.0,100.0,1/1,2/2,4/4,8/8,16/16,24/24,PASS
planar,rotation,5°,7.572207208221627,29.0,90.94,0.872394366197183,14.55,96.36,1/1,2/2,4/4,8/8,15/16,23/24,fail
planar,rotation,10°,15.130000289646269,15.09,94.49,0.9351077611588741,5.45,96.36,1/1,2/2,4/4,8/8,15/16,23/24,fail
planar,rotation,20°,30.144852141344387,6.43,95.8,0.9551138185315807,3.64,98.18,1/1,2/2,4/4,8/8,16/16,23/24,fail
planar,rotation,30°,44.930283466287456,4.07,30.58,0.2763473365996038,0.0,32.73,0/1,1/2,0/4,0/8,6/16,11/24,fail
planar,rotation,45°,66.4328047698522,2.23,,-0.02280863250485834,0.0,,–,–,–,–,–,–,ERROR
planar,rotation+translation,5° + 10 vox,14.840956781783666,0.92,97.9,0.9788050060557126,0.0,100.0,1/1,2/2,4/4,8/8,16/16,24/24,PASS
planar,rotation+translation,10° + 20 vox,29.789509885101342,0.0,95.8,0.958,0.0,100.0,1/1,2/2,4/4,8/8,16/16,24/24,PASS
planar,rotation+translation,20° + 30 vox,50.14414614452236,0.0,91.86,0.9186,0.0,98.18,1/1,2/2,4/4,8/8,15/16,24/24,fail
planar,rotation+translation,30° + 40 vox,70.5747876693689,0.0,92.26,0.9226000000000001,0.0,96.36,1/1,2/2,4/4,8/8,14/16,24/24,fail
planar,affine (shear),shear 0.02,24.26352901823032,1.18,96.46,0.9641772920461444,0.0,100.0,1/1,2/2,4/4,8/8,16/16,24/24,PASS
planar,affine (shear),shear 0.05,24.597137051824756,2.1,90.55,0.9034729315628192,1.82,98.18,1/1,2/2,4/4,8/8,15/16,24/24,fail
planar,affine (shear),shear 0.1,25.705312028034147,2.23,89.76,0.8952643960315025,1.82,96.36,1/1,2/2,4/4,8/8,14/16,24/24,fail
planar,affine (shear),shear 0.2,29.65490916283821,7.09,93.83,0.9335916478312345,7.27,98.18,1/1,2/2,4/4,8/8,15/16,24/24,fail
planar,nonrigid,1 vox,0.9999999999999998,99.08,98.82,-0.28260869565217894,100.0,100.0,1/1,2/2,4/4,8/8,16/16,24/24,PASS
planar,nonrigid,2 vox,1.999999999999984,90.16,92.91,0.27947154471544705,85.45,96.36,1/1,2/2,4/4,8/8,15/16,23/24,fail
planar,nonrigid,4 vox,3.999999999999969,77.3,95.93,0.8207048458149783,67.27,98.18,1/1,2/2,4/4,8/8,15/16,24/24,fail
planar,nonrigid,6 vox,5.999999999999954,56.69,96.46,0.9182636804433155,43.64,98.18,1/1,2/2,4/4,8/8,16/16,23/24,fail
planar,nonrigid,8 vox,7.999999999999953,47.64,88.71,0.7843773873185637,34.55,94.55,1/1,2/2,4/4,7/8,16/16,22/24,fail
planar,nonrigid,12 vox,11.999999999999948,32.68,67.85,0.5224301841948901,18.18,67.27,1/1,2/2,3/4,6/8,11/16,14/24,fail
planar,nonrigid,16 vox,15.999999999999917,19.29,56.56,0.4617767315078677,7.27,54.55,1/1,2/2,3/4,5/8,9/16,10/24,fail
planar,breath hold,2%,2.6176340678705508,81.23,97.38,0.8604155567394777,72.73,100.0,1/1,2/2,4/4,8/8,16/16,24/24,PASS
planar,breath hold,5%,6.544085169676377,61.02,97.9,0.9461262185736277,43.64,100.0,1/1,2/2,4/4,8/8,16/16,24/24,PASS
planar,breath hold,10%,13.088170339352754,41.73,92.65,0.873863051312854,25.45,96.36,1/1,2/2,4/4,8/8,14/16,24/24,fail
planar,breath hold,15%,19.63225550902913,36.35,89.11,0.8289080911233307,14.55,94.55,1/1,2/2,4/4,8/8,13/16,24/24,fail
planar,breath hold,20%,26.176340678705508,31.23,91.47,0.8759633561145849,16.36,98.18,1/1,2/2,4/4,8/8,15/16,24/24,fail
planar,breath hold,25%,32.720425848381886,26.38,,-0.3583265417006248,12.73,,–,–,–,–,–,–,ERROR
planar,breath hold,30%,39.26451101805826,26.25,,-0.3559322033898305,14.55,,–,–,–,–,–,–,ERROR
