tree,family,BD @ 25%,BD @ 50%,BD @ 75%
non-planar,affine (shear),98.81,96.0325,84.125
non-planar,breath hold,95.76666666666667,92.59333333333332,80.68833333333333
non-planar,nonrigid,90.24857142857142,85.71428571428571,74.60285714285715
non-planar,rotation,99.68199999999999,98.096,88.888
non-planar,rotation+translation,100.0,98.41499999999999,87.3
non-planar,translation,100.0,100.0,96.825
planar,affine (shear),98.18,98.18,90.0
planar,breath hold,98.908,97.81800000000001,90.54400000000001
planar,nonrigid,91.42714285714285,87.01285714285714,77.92285714285715
planar,rotation,87.27250000000001,80.9075,73.6375
planar,rotation+translation,99.545,98.635,93.1825
planar,translation,99.09,98.18,96.36500000000001
