parameters,tree,deformation_id,family,level,peak_disp,TLD,BD,g0_BD,g1_BD,g2_BD,g3_BD,g4_BD,g5_BD,g0_detected,g1_detected,g2_detected,g3_detected,g4_detected,g5_detected,g0_total,g1_total,g2_total,g3_total,g4_total,g5_total
defaults,planar,00,identity,none,0.0,100.0,100.0,100.0,100.0,100.0,100.0,100.0,100.0,1.0,2.0,4.0,8.0,16.0,24.0,1.0,2.0,4.0,8.0,16.0,24.0
defaults,planar,01,translation,5 vox,5.000000000000004,94.36,96.36,100.0,100.0,100.0,100.0,93.75,95.83,1.0,2.0,4.0,8.0,15.0,23.0,1.0,2.0,4.0,8.0,16.0,24.0
defaults,planar,02,translation,15 vox,15.000000000000009,94.36,96.36,100.0,100.0,100.0,100.0,93.75,95.83,1.0,2.0,4.0,8.0,15.0,23.0,1.0,2.0,4.0,8.0,16.0,24.0
defaults,planar,03,translation,30 vox,30.0,100.0,100.0,100.0,100.0,100.0,100.0,100.0,100.0,1.0,2.0,4.0,8.0,16.0,24.0,1.0,2.0,4.0,8.0,16.0,24.0
defaults,planar,04,translation,60 vox,59.99999999999999,100.0,100.0,100.0,100.0,100.0,100.0,100.0,100.0,1.0,2.0,4.0,8.0,16.0,24.0,1.0,2.0,4.0,8.0,16.0,24.0
defaults,planar,05,rotation,5°,7.572207208221627,90.94,96.36,100.0,100.0,100.0,100.0,93.75,95.83,1.0,2.0,4.0,8.0,15.0,23.0,1.0,2.0,4.0,8.0,16.0,24.0
defaults,planar,06,rotation,10°,15.130000289646269,94.49,96.36,100.0,100.0,100.0,100.0,93.75,95.83,1.0,2.0,4.0,8.0,15.0,23.0,1.0,2.0,4.0,8.0,16.0,24.0
defaults,planar,07,rotation,20°,30.144852141344387,95.8,98.18,100.0,100.0,100.0,100.0,100.0,95.83,1.0,2.0,4.0,8.0,16.0,23.0,1.0,2.0,4.0,8.0,16.0,24.0
defaults,planar,08,rotation,30°,44.930283466287456,30.58,32.73,0.0,50.0,0.0,0.0,37.5,45.83,0.0,1.0,0.0,0.0,6.0,11.0,1.0,2.0,4.0,8.0,16.0,24.0
defaults,planar,09,rotation,45°,66.4328047698522,,,,,,,,,,,,,,,,,,,,
defaults,planar,10,rotation+translation,5° + 10 vox,14.840956781783666,97.9,100.0,100.0,100.0,100.0,100.0,100.0,100.0,1.0,2.0,4.0,8.0,16.0,24.0,1.0,2.0,4.0,8.0,16.0,24.0
defaults,planar,11,rotation+translation,10° + 20 vox,29.789509885101342,95.8,100.0,100.0,100.0,100.0,100.0,100.0,100.0,1.0,2.0,4.0,8.0,16.0,24.0,1.0,2.0,4.0,8.0,16.0,24.0
defaults,planar,12,rotation+translation,20° + 30 vox,50.14414614452236,91.86,98.18,100.0,100.0,100.0,100.0,93.75,100.0,1.0,2.0,4.0,8.0,15.0,24.0,1.0,2.0,4.0,8.0,16.0,24.0
defaults,planar,13,rotation+translation,30° + 40 vox,70.5747876693689,92.26,96.36,100.0,100.0,100.0,100.0,87.5,100.0,1.0,2.0,4.0,8.0,14.0,24.0,1.0,2.0,4.0,8.0,16.0,24.0
defaults,planar,14,affine (shear),shear 0.02,24.26352901823032,96.46,100.0,100.0,100.0,100.0,100.0,100.0,100.0,1.0,2.0,4.0,8.0,16.0,24.0,1.0,2.0,4.0,8.0,16.0,24.0
defaults,planar,15,affine (shear),shear 0.05,24.597137051824756,90.55,98.18,100.0,100.0,100.0,100.0,93.75,100.0,1.0,2.0,4.0,8.0,15.0,24.0,1.0,2.0,4.0,8.0,16.0,24.0
defaults,planar,16,affine (shear),shear 0.1,25.705312028034147,89.76,96.36,100.0,100.0,100.0,100.0,87.5,100.0,1.0,2.0,4.0,8.0,14.0,24.0,1.0,2.0,4.0,8.0,16.0,24.0
defaults,planar,17,affine (shear),shear 0.2,29.65490916283821,93.83,98.18,100.0,100.0,100.0,100.0,93.75,100.0,1.0,2.0,4.0,8.0,15.0,24.0,1.0,2.0,4.0,8.0,16.0,24.0
defaults,planar,18,nonrigid,1 vox,0.9999999999999998,98.82,100.0,100.0,100.0,100.0,100.0,100.0,100.0,1.0,2.0,4.0,8.0,16.0,24.0,1.0,2.0,4.0,8.0,16.0,24.0
defaults,planar,19,nonrigid,2 vox,1.999999999999984,92.91,96.36,100.0,100.0,100.0,100.0,93.75,95.83,1.0,2.0,4.0,8.0,15.0,23.0,1.0,2.0,4.0,8.0,16.0,24.0
defaults,planar,20,nonrigid,4 vox,3.999999999999969,95.93,98.18,100.0,100.0,100.0,100.0,93.75,100.0,1.0,2.0,4.0,8.0,15.0,24.0,1.0,2.0,4.0,8.0,16.0,24.0
defaults,planar,21,nonrigid,6 vox,5.999999999999954,96.46,98.18,100.0,100.0,100.0,100.0,100.0,95.83,1.0,2.0,4.0,8.0,16.0,23.0,1.0,2.0,4.0,8.0,16.0,24.0
defaults,planar,22,nonrigid,8 vox,7.999999999999953,88.71,94.55,100.0,100.0,100.0,87.5,100.0,91.67,1.0,2.0,4.0,7.0,16.0,22.0,1.0,2.0,4.0,8.0,16.0,24.0
defaults,planar,23,nonrigid,12 vox,11.999999999999948,67.85,67.27,100.0,100.0,75.0,75.0,68.75,58.33,1.0,2.0,3.0,6.0,11.0,14.0,1.0,2.0,4.0,8.0,16.0,24.0
defaults,planar,24,nonrigid,16 vox,15.999999999999917,56.56,54.55,100.0,100.0,75.0,62.5,56.25,41.67,1.0,2.0,3.0,5.0,9.0,10.0,1.0,2.0,4.0,8.0,16.0,24.0
defaults,planar,25,breath hold,2%,2.6176340678705508,97.38,100.0,100.0,100.0,100.0,100.0,100.0,100.0,1.0,2.0,4.0,8.0,16.0,24.0,1.0,2.0,4.0,8.0,16.0,24.0
defaults,planar,26,breath hold,5%,6.544085169676377,97.9,100.0,100.0,100.0,100.0,100.0,100.0,100.0,1.0,2.0,4.0,8.0,16.0,24.0,1.0,2.0,4.0,8.0,16.0,24.0
defaults,planar,27,breath hold,10%,13.088170339352754,92.65,96.36,100.0,100.0,100.0,100.0,87.5,100.0,1.0,2.0,4.0,8.0,14.0,24.0,1.0,2.0,4.0,8.0,16.0,24.0
defaults,planar,28,breath hold,15%,19.63225550902913,89.11,94.55,100.0,100.0,100.0,100.0,81.25,100.0,1.0,2.0,4.0,8.0,13.0,24.0,1.0,2.0,4.0,8.0,16.0,24.0
defaults,planar,29,breath hold,20%,26.176340678705508,91.47,98.18,100.0,100.0,100.0,100.0,93.75,100.0,1.0,2.0,4.0,8.0,15.0,24.0,1.0,2.0,4.0,8.0,16.0,24.0
defaults,planar,30,breath hold,25%,32.720425848381886,,,,,,,,,,,,,,,,,,,,
defaults,planar,31,breath hold,30%,39.26451101805826,,,,,,,,,,,,,,,,,,,,
defaults,non-planar,00,identity,none,0.0,100.0,100.0,100.0,100.0,100.0,100.0,100.0,100.0,1.0,2.0,4.0,8.0,16.0,32.0,1.0,2.0,4.0,8.0,16.0,32.0
defaults,non-planar,01,translation,5 vox,5.000000000000004,94.73,100.0,100.0,100.0,100.0,100.0,100.0,100.0,1.0,2.0,4.0,8.0,16.0,32.0,1.0,2.0,4.0,8.0,16.0,32.0
defaults,non-planar,02,translation,15 vox,15.000000000000009,94.73,100.0,100.0,100.0,100.0,100.0,100.0,100.0,1.0,2.0,4.0,8.0,16.0,32.0,1.0,2.0,4.0,8.0,16.0,32.0
defaults,non-planar,03,translation,30 vox,30.0,100.0,100.0,100.0,100.0,100.0,100.0,100.0,100.0,1.0,2.0,4.0,8.0,16.0,32.0,1.0,2.0,4.0,8.0,16.0,32.0
defaults,non-planar,04,translation,60 vox,60.0,100.0,100.0,100.0,100.0,100.0,100.0,100.0,100.0,1.0,2.0,4.0,8.0,16.0,32.0,1.0,2.0,4.0,8.0,16.0,32.0
defaults,non-planar,05,rotation,5°,7.5866302956381055,93.14,96.83,100.0,100.0,100.0,100.0,93.75,96.88,1.0,2.0,4.0,8.0,15.0,31.0,1.0,2.0,4.0,8.0,16.0,32.0
defaults,non-planar,06,rotation,10°,15.158819009312644,93.38,98.41,100.0,100.0,100.0,100.0,100.0,96.88,1.0,2.0,4.0,8.0,16.0,31.0,1.0,2.0,4.0,8.0,16.0,32.0
defaults,non-planar,07,rotation,20°,30.202270252819204,93.87,100.0,100.0,100.0,100.0,100.0,100.0,100.0,1.0,2.0,4.0,8.0,16.0,32.0,1.0,2.0,4.0,8.0,16.0,32.0
defaults,non-planar,08,rotation,30°,45.01586398307241,93.87,100.0,100.0,100.0,100.0,100.0,100.0,100.0,1.0,2.0,4.0,8.0,16.0,32.0,1.0,2.0,4.0,8.0,16.0,32.0
defaults,non-planar,09,rotation,45°,66.55934200320719,92.65,95.24,100.0,100.0,100.0,100.0,93.75,93.75,1.0,2.0,4.0,8.0,15.0,30.0,1.0,2.0,4.0,8.0,16.0,32.0
defaults,non-planar,10,rotation+translation,5° + 10 vox,14.898752028749549,94.0,96.83,100.0,100.0,100.0,100.0,100.0,93.75,1.0,2.0,4.0,8.0,16.0,30.0,1.0,2.0,4.0,8.0,16.0,32.0
defaults,non-planar,11,rotation+translation,10° + 20 vox,29.91133853120408,94.49,100.0,100.0,100.0,100.0,100.0,100.0,100.0,1.0,2.0,4.0,8.0,16.0,32.0,1.0,2.0,4.0,8.0,16.0,32.0
defaults,non-planar,12,rotation+translation,20° + 30 vox,50.38027942961403,92.4,96.83,100.0,100.0,100.0,100.0,93.75,96.88,1.0,2.0,4.0,8.0,15.0,31.0,1.0,2.0,4.0,8.0,16.0,32.0
defaults,non-planar,13,rotation+translation,30° + 40 vox,70.97056334824784,94.12,100.0,100.0,100.0,100.0,100.0,100.0,100.0,1.0,2.0,4.0,8.0,16.0,32.0,1.0,2.0,4.0,8.0,16.0,32.0
defaults,non-planar,14,affine (shear),shear 0.02,23.89525568228101,95.59,100.0,100.0,100.0,100.0,100.0,100.0,100.0,1.0,2.0,4.0,8.0,16.0,32.0,1.0,2.0,4.0,8.0,16.0,32.0
defaults,non-planar,15,affine (shear),shear 0.05,24.28279909234104,92.4,95.24,100.0,100.0,100.0,100.0,87.5,96.88,1.0,2.0,4.0,8.0,14.0,31.0,1.0,2.0,4.0,8.0,16.0,32.0
defaults,non-planar,16,affine (shear),shear 0.1,25.385169118102954,92.52,96.83,100.0,100.0,100.0,100.0,100.0,93.75,1.0,2.0,4.0,8.0,16.0,30.0,1.0,2.0,4.0,8.0,16.0,32.0
defaults,non-planar,17,affine (shear),shear 0.2,29.026527004553422,87.99,92.06,100.0,100.0,100.0,100.0,81.25,93.75,1.0,2.0,4.0,8.0,13.0,30.0,1.0,2.0,4.0,8.0,16.0,32.0
defaults,non-planar,18,nonrigid,1 vox,1.0000000000000075,95.71,98.41,100.0,100.0,100.0,100.0,100.0,96.88,1.0,2.0,4.0,8.0,16.0,31.0,1.0,2.0,4.0,8.0,16.0,32.0
defaults,non-planar,19,nonrigid,2 vox,1.9999999999999944,91.42,100.0,100.0,100.0,100.0,100.0,100.0,100.0,1.0,2.0,4.0,8.0,16.0,32.0,1.0,2.0,4.0,8.0,16.0,32.0
defaults,non-planar,20,nonrigid,4 vox,4.000000000000005,93.38,96.83,100.0,100.0,100.0,100.0,100.0,93.75,1.0,2.0,4.0,8.0,16.0,30.0,1.0,2.0,4.0,8.0,16.0,32.0
defaults,non-planar,21,nonrigid,6 vox,6.0,90.93,93.65,100.0,100.0,100.0,87.5,93.75,93.75,1.0,2.0,4.0,7.0,15.0,30.0,1.0,2.0,4.0,8.0,16.0,32.0
defaults,non-planar,22,nonrigid,8 vox,7.999999999999995,93.63,98.41,100.0,100.0,100.0,100.0,93.75,100.0,1.0,2.0,4.0,8.0,15.0,32.0,1.0,2.0,4.0,8.0,16.0,32.0
defaults,non-planar,23,nonrigid,12 vox,12.0,69.0,66.67,100.0,100.0,100.0,75.0,62.5,59.38,1.0,2.0,4.0,6.0,10.0,19.0,1.0,2.0,4.0,8.0,16.0,32.0
defaults,non-planar,24,nonrigid,16 vox,16.00000000000001,50.12,46.03,100.0,100.0,100.0,62.5,37.5,34.38,1.0,2.0,4.0,5.0,6.0,11.0,1.0,2.0,4.0,8.0,16.0,32.0
defaults,non-planar,25,breath hold,2%,2.489654195059037,95.1,100.0,100.0,100.0,100.0,100.0,100.0,100.0,1.0,2.0,4.0,8.0,16.0,32.0,1.0,2.0,4.0,8.0,16.0,32.0
defaults,non-planar,26,breath hold,5%,6.224135487647593,93.38,96.83,100.0,100.0,100.0,100.0,100.0,93.75,1.0,2.0,4.0,8.0,16.0,30.0,1.0,2.0,4.0,8.0,16.0,32.0
defaults,non-planar,27,breath hold,10%,12.448270975295186,94.73,98.41,100.0,100.0,100.0,100.0,100.0,96.88,1.0,2.0,4.0,8.0,16.0,31.0,1.0,2.0,4.0,8.0,16.0,32.0
defaults,non-planar,28,breath hold,15%,18.672406462942774,91.67,98.41,100.0,100.0,100.0,100.0,100.0,96.88,1.0,2.0,4.0,8.0,16.0,31.0,1.0,2.0,4.0,8.0,16.0,32.0
defaults,non-planar,29,breath hold,20%,24.89654195059037,89.58,96.83,100.0,100.0,100.0,100.0,93.75,96.88,1.0,2.0,4.0,8.0,15.0,31.0,1.0,2.0,4.0,8.0,16.0,32.0
defaults,non-planar,30,breath hold,25%,31.12067743823797,59.68,65.08,0.0,50.0,100.0,75.0,56.25,65.62,0.0,1.0,4.0,6.0,9.0,21.0,1.0,2.0,4.0,8.0,16.0,32.0
defaults,non-planar,31,breath hold,30%,37.34481292588556,,,,,,,,,,,,,,,,,,,,
recommended,planar,00,identity,none,0.0,100.0,100.0,100.0,100.0,100.0,100.0,100.0,100.0,1.0,2.0,4.0,8.0,16.0,24.0,1.0,2.0,4.0,8.0,16.0,24.0
recommended,planar,01,translation,5 vox,5.000000000000004,97.77,100.0,100.0,100.0,100.0,100.0,100.0,100.0,1.0,2.0,4.0,8.0,16.0,24.0,1.0,2.0,4.0,8.0,16.0,24.0
recommended,planar,02,translation,15 vox,15.000000000000009,97.77,100.0,100.0,100.0,100.0,100.0,100.0,100.0,1.0,2.0,4.0,8.0,16.0,24.0,1.0,2.0,4.0,8.0,16.0,24.0
recommended,planar,03,translation,30 vox,30.0,100.0,100.0,100.0,100.0,100.0,100.0,100.0,100.0,1.0,2.0,4.0,8.0,16.0,24.0,1.0,2.0,4.0,8.0,16.0,24.0
recommended,planar,04,translation,60 vox,59.99999999999999,100.0,100.0,100.0,100.0,100.0,100.0,100.0,100.0,1.0,2.0,4.0,8.0,16.0,24.0,1.0,2.0,4.0,8.0,16.0,24.0
recommended,planar,05,rotation,5°,7.572207208221627,98.82,100.0,100.0,100.0,100.0,100.0,100.0,100.0,1.0,2.0,4.0,8.0,16.0,24.0,1.0,2.0,4.0,8.0,16.0,24.0
recommended,planar,06,rotation,10°,15.130000289646269,98.16,100.0,100.0,100.0,100.0,100.0,100.0,100.0,1.0,2.0,4.0,8.0,16.0,24.0,1.0,2.0,4.0,8.0,16.0,24.0
recommended,planar,07,rotation,20°,30.144852141344387,98.56,100.0,100.0,100.0,100.0,100.0,100.0,100.0,1.0,2.0,4.0,8.0,16.0,24.0,1.0,2.0,4.0,8.0,16.0,24.0
recommended,planar,08,rotation,30°,44.930283466287456,65.09,67.27,100.0,50.0,100.0,25.0,75.0,70.83,1.0,1.0,4.0,2.0,12.0,17.0,1.0,2.0,4.0,8.0,16.0,24.0
recommended,planar,09,rotation,45°,66.4328047698522,92.39,98.18,100.0,50.0,100.0,100.0,100.0,100.0,1.0,1.0,4.0,8.0,16.0,24.0,1.0,2.0,4.0,8.0,16.0,24.0
recommended,planar,10,rotation+translation,5° + 10 vox,14.840956781783666,98.43,100.0,100.0,100.0,100.0,100.0,100.0,100.0,1.0,2.0,4.0,8.0,16.0,24.0,1.0,2.0,4.0,8.0,16.0,24.0
recommended,planar,11,rotation+translation,10° + 20 vox,29.789509885101342,98.82,100.0,100.0,100.0,100.0,100.0,100.0,100.0,1.0,2.0,4.0,8.0,16.0,24.0,1.0,2.0,4.0,8.0,16.0,24.0
recommended,planar,12,rotation+translation,20° + 30 vox,50.14414614452236,98.29,100.0,100.0,100.0,100.0,100.0,100.0,100.0,1.0,2.0,4.0,8.0,16.0,24.0,1.0,2.0,4.0,8.0,16.0,24.0
recommended,planar,13,rotation+translation,30° + 40 vox,70.5747876693689,70.73,72.73,100.0,100.0,50.0,50.0,87.5,70.83,1.0,2.0,2.0,4.0,14.0,17.0,1.0,2.0,4.0,8.0,16.0,24.0
recommended,planar,14,affine (shear),shear 0.02,24.26352901823032,99.08,100.0,100.0,100.0,100.0,100.0,100.0,100.0,1.0,2.0,4.0,8.0,16.0,24.0,1.0,2.0,4.0,8.0,16.0,24.0
recommended,planar,15,affine (shear),shear 0.05,24.597137051824756,92.65,98.18,100.0,50.0,100.0,100.0,100.0,100.0,1.0,1.0,4.0,8.0,16.0,24.0,1.0,2.0,4.0,8.0,16.0,24.0
recommended,planar,16,affine (shear),shear 0.1,25.705312028034147,98.82,100.0,100.0,100.0,100.0,100.0,100.0,100.0,1.0,2.0,4.0,8.0,16.0,24.0,1.0,2.0,4.0,8.0,16.0,24.0
recommended,planar,17,affine (shear),shear 0.2,29.65490916283821,98.43,100.0,100.0,100.0,100.0,100.0,100.0,100.0,1.0,2.0,4.0,8.0,16.0,24.0,1.0,2.0,4.0,8.0,16.0,24.0
recommended,planar,18,nonrigid,1 vox,0.9999999999999998,99.48,100.0,100.0,100.0,100.0,100.0,100.0,100.0,1.0,2.0,4.0,8.0,16.0,24.0,1.0,2.0,4.0,8.0,16.0,24.0
recommended,planar,19,nonrigid,2 vox,1.999999999999984,97.38,98.18,100.0,100.0,100.0,100.0,100.0,95.83,1.0,2.0,4.0,8.0,16.0,23.0,1.0,2.0,4.0,8.0,16.0,24.0
recommended,planar,20,nonrigid,4 vox,3.999999999999969,98.29,100.0,100.0,100.0,100.0,100.0,100.0,100.0,1.0,2.0,4.0,8.0,16.0,24.0,1.0,2.0,4.0,8.0,16.0,24.0
recommended,planar,21,nonrigid,6 vox,5.999999999999954,98.03,98.18,100.0,100.0,100.0,100.0,100.0,95.83,1.0,2.0,4.0,8.0,16.0,23.0,1.0,2.0,4.0,8.0,16.0,24.0
recommended,planar,22,nonrigid,8 vox,7.999999999999953,94.88,96.36,100.0,100.0,100.0,100.0,100.0,91.67,1.0,2.0,4.0,8.0,16.0,22.0,1.0,2.0,4.0,8.0,16.0,24.0
recommended,planar,23,nonrigid,12 vox,11.999999999999948,96.19,98.18,100.0,100.0,100.0,100.0,93.75,100.0,1.0,2.0,4.0,8.0,15.0,24.0,1.0,2.0,4.0,8.0,16.0,24.0
recommended,planar,24,nonrigid,16 vox,15.999999999999917,96.72,100.0,100.0,100.0,100.0,100.0,100.0,100.0,1.0,2.0,4.0,8.0,16.0,24.0,1.0,2.0,4.0,8.0,16.0,24.0
recommended,planar,25,breath hold,2%,2.6176340678705508,99.61,100.0,100.0,100.0,100.0,100.0,100.0,100.0,1.0,2.0,4.0,8.0,16.0,24.0,1.0,2.0,4.0,8.0,16.0,24.0
recommended,planar,26,breath hold,5%,6.544085169676377,99.48,100.0,100.0,100.0,100.0,100.0,100.0,100.0,1.0,2.0,4.0,8.0,16.0,24.0,1.0,2.0,4.0,8.0,16.0,24.0
recommended,planar,27,breath hold,10%,13.088170339352754,99.34,100.0,100.0,100.0,100.0,100.0,100.0,100.0,1.0,2.0,4.0,8.0,16.0,24.0,1.0,2.0,4.0,8.0,16.0,24.0
recommended,planar,28,breath hold,15%,19.63225550902913,99.08,100.0,100.0,100.0,100.0,100.0,100.0,100.0,1.0,2.0,4.0,8.0,16.0,24.0,1.0,2.0,4.0,8.0,16.0,24.0
recommended,planar,29,breath hold,20%,26.176340678705508,99.34,100.0,100.0,100.0,100.0,100.0,100.0,100.0,1.0,2.0,4.0,8.0,16.0,24.0,1.0,2.0,4.0,8.0,16.0,24.0
recommended,planar,30,breath hold,25%,32.720425848381886,98.69,100.0,100.0,100.0,100.0,100.0,100.0,100.0,1.0,2.0,4.0,8.0,16.0,24.0,1.0,2.0,4.0,8.0,16.0,24.0
recommended,planar,31,breath hold,30%,39.26451101805826,98.16,100.0,100.0,100.0,100.0,100.0,100.0,100.0,1.0,2.0,4.0,8.0,16.0,24.0,1.0,2.0,4.0,8.0,16.0,24.0
recommended,non-planar,00,identity,none,0.0,100.0,100.0,100.0,100.0,100.0,100.0,100.0,100.0,1.0,2.0,4.0,8.0,16.0,32.0,1.0,2.0,4.0,8.0,16.0,32.0
recommended,non-planar,01,translation,5 vox,5.000000000000004,98.28,100.0,100.0,100.0,100.0,100.0,100.0,100.0,1.0,2.0,4.0,8.0,16.0,32.0,1.0,2.0,4.0,8.0,16.0,32.0
recommended,non-planar,02,translation,15 vox,15.000000000000009,98.28,100.0,100.0,100.0,100.0,100.0,100.0,100.0,1.0,2.0,4.0,8.0,16.0,32.0,1.0,2.0,4.0,8.0,16.0,32.0
recommended,non-planar,03,translation,30 vox,30.0,100.0,100.0,100.0,100.0,100.0,100.0,100.0,100.0,1.0,2.0,4.0,8.0,16.0,32.0,1.0,2.0,4.0,8.0,16.0,32.0
recommended,non-planar,04,translation,60 vox,60.0,100.0,100.0,100.0,100.0,100.0,100.0,100.0,100.0,1.0,2.0,4.0,8.0,16.0,32.0,1.0,2.0,4.0,8.0,16.0,32.0
recommended,non-planar,05,rotation,5°,7.5866302956381055,97.3,100.0,100.0,100.0,100.0,100.0,100.0,100.0,1.0,2.0,4.0,8.0,16.0,32.0,1.0,2.0,4.0,8.0,16.0,32.0
recommended,non-planar,06,rotation,10°,15.158819009312644,98.16,100.0,100.0,100.0,100.0,100.0,100.0,100.0,1.0,2.0,4.0,8.0,16.0,32.0,1.0,2.0,4.0,8.0,16.0,32.0
recommended,non-planar,07,rotation,20°,30.202270252819204,98.41,100.0,100.0,100.0,100.0,100.0,100.0,100.0,1.0,2.0,4.0,8.0,16.0,32.0,1.0,2.0,4.0,8.0,16.0,32.0
recommended,non-planar,08,rotation,30°,45.01586398307241,97.92,100.0,100.0,100.0,100.0,100.0,100.0,100.0,1.0,2.0,4.0,8.0,16.0,32.0,1.0,2.0,4.0,8.0,16.0,32.0
recommended,non-planar,09,rotation,45°,66.55934200320719,96.69,100.0,100.0,100.0,100.0,100.0,100.0,100.0,1.0,2.0,4.0,8.0,16.0,32.0,1.0,2.0,4.0,8.0,16.0,32.0
recommended,non-planar,10,rotation+translation,5° + 10 vox,14.898752028749549,98.41,100.0,100.0,100.0,100.0,100.0,100.0,100.0,1.0,2.0,4.0,8.0,16.0,32.0,1.0,2.0,4.0,8.0,16.0,32.0
recommended,non-planar,11,rotation+translation,10° + 20 vox,29.91133853120408,98.41,100.0,100.0,100.0,100.0,100.0,100.0,100.0,1.0,2.0,4.0,8.0,16.0,32.0,1.0,2.0,4.0,8.0,16.0,32.0
recommended,non-planar,12,rotation+translation,20° + 30 vox,50.38027942961403,97.79,100.0,100.0,100.0,100.0,100.0,100.0,100.0,1.0,2.0,4.0,8.0,16.0,32.0,1.0,2.0,4.0,8.0,16.0,32.0
recommended,non-planar,13,rotation+translation,30° + 40 vox,70.97056334824784,97.18,100.0,100.0,100.0,100.0,100.0,100.0,100.0,1.0,2.0,4.0,8.0,16.0,32.0,1.0,2.0,4.0,8.0,16.0,32.0
recommended,non-planar,14,affine (shear),shear 0.02,23.89525568228101,98.41,100.0,100.0,100.0,100.0,100.0,100.0,100.0,1.0,2.0,4.0,8.0,16.0,32.0,1.0,2.0,4.0,8.0,16.0,32.0
recommended,non-planar,15,affine (shear),shear 0.05,24.28279909234104,97.79,100.0,100.0,100.0,100.0,100.0,100.0,100.0,1.0,2.0,4.0,8.0,16.0,32.0,1.0,2.0,4.0,8.0,16.0,32.0
recommended,non-planar,16,affine (shear),shear 0.1,25.385169118102954,97.18,100.0,100.0,100.0,100.0,100.0,100.0,100.0,1.0,2.0,4.0,8.0,16.0,32.0,1.0,2.0,4.0,8.0,16.0,32.0
recommended,non-planar,17,affine (shear),shear 0.2,29.026527004553422,98.04,100.0,100.0,100.0,100.0,100.0,100.0,100.0,1.0,2.0,4.0,8.0,16.0,32.0,1.0,2.0,4.0,8.0,16.0,32.0
recommended,non-planar,18,nonrigid,1 vox,1.0000000000000075,99.14,100.0,100.0,100.0,100.0,100.0,100.0,100.0,1.0,2.0,4.0,8.0,16.0,32.0,1.0,2.0,4.0,8.0,16.0,32.0
recommended,non-planar,19,nonrigid,2 vox,1.9999999999999944,98.04,100.0,100.0,100.0,100.0,100.0,100.0,100.0,1.0,2.0,4.0,8.0,16.0,32.0,1.0,2.0,4.0,8.0,16.0,32.0
recommended,non-planar,20,nonrigid,4 vox,4.000000000000005,98.53,100.0,100.0,100.0,100.0,100.0,100.0,100.0,1.0,2.0,4.0,8.0,16.0,32.0,1.0,2.0,4.0,8.0,16.0,32.0
recommended,non-planar,21,nonrigid,6 vox,6.0,97.3,100.0,100.0,100.0,100.0,100.0,100.0,100.0,1.0,2.0,4.0,8.0,16.0,32.0,1.0,2.0,4.0,8.0,16.0,32.0
recommended,non-planar,22,nonrigid,8 vox,7.999999999999995,97.18,100.0,100.0,100.0,100.0,100.0,100.0,100.0,1.0,2.0,4.0,8.0,16.0,32.0,1.0,2.0,4.0,8.0,16.0,32.0
recommended,non-planar,23,nonrigid,12 vox,12.0,96.81,100.0,100.0,100.0,100.0,100.0,100.0,100.0,1.0,2.0,4.0,8.0,16.0,32.0,1.0,2.0,4.0,8.0,16.0,32.0
recommended,non-planar,24,nonrigid,16 vox,16.00000000000001,97.3,100.0,100.0,100.0,100.0,100.0,100.0,100.0,1.0,2.0,4.0,8.0,16.0,32.0,1.0,2.0,4.0,8.0,16.0,32.0
recommended,non-planar,25,breath hold,2%,2.489654195059037,98.28,100.0,100.0,100.0,100.0,100.0,100.0,100.0,1.0,2.0,4.0,8.0,16.0,32.0,1.0,2.0,4.0,8.0,16.0,32.0
recommended,non-planar,26,breath hold,5%,6.224135487647593,98.04,100.0,100.0,100.0,100.0,100.0,100.0,100.0,1.0,2.0,4.0,8.0,16.0,32.0,1.0,2.0,4.0,8.0,16.0,32.0
recommended,non-planar,27,breath hold,10%,12.448270975295186,98.41,100.0,100.0,100.0,100.0,100.0,100.0,100.0,1.0,2.0,4.0,8.0,16.0,32.0,1.0,2.0,4.0,8.0,16.0,32.0
recommended,non-planar,28,breath hold,15%,18.672406462942774,98.53,100.0,100.0,100.0,100.0,100.0,100.0,100.0,1.0,2.0,4.0,8.0,16.0,32.0,1.0,2.0,4.0,8.0,16.0,32.0
recommended,non-planar,29,breath hold,20%,24.89654195059037,98.53,100.0,100.0,100.0,100.0,100.0,100.0,100.0,1.0,2.0,4.0,8.0,16.0,32.0,1.0,2.0,4.0,8.0,16.0,32.0
recommended,non-planar,30,breath hold,25%,31.12067743823797,98.53,100.0,100.0,100.0,100.0,100.0,100.0,100.0,1.0,2.0,4.0,8.0,16.0,32.0,1.0,2.0,4.0,8.0,16.0,32.0
recommended,non-planar,31,breath hold,30%,37.34481292588556,98.04,100.0,100.0,100.0,100.0,100.0,100.0,100.0,1.0,2.0,4.0,8.0,16.0,32.0,1.0,2.0,4.0,8.0,16.0,32.0
