parameter,tree,value,mean TLD,mean BD,pass rate,error rate
pairing,non-planar,2.5,75.3146953405018,94.7017105263158,0.4874551971326165,0.1827956989247312
pairing,non-planar,5.0,88.56505376344086,93.72677655677656,0.3118279569892473,0.021505376344086023
pairing,non-planar,10.0,93.4246953405018,96.84881720430107,0.36200716845878134,0.0
pairing,non-planar,20.0,95.01458781362007,98.76605734767026,0.41935483870967744,0.0
pairing,non-planar,40.0,95.17182795698926,98.8684229390681,0.43010752688172044,0.0
pairing,planar,2.5,70.53301075268817,94.21215962441316,0.3835125448028674,0.23655913978494625
pairing,planar,5.0,83.31078853046594,91.23593869731799,0.36200716845878134,0.06451612903225806
pairing,planar,10.0,89.65602150537634,91.7683870967742,0.3835125448028674,0.0
pairing,planar,20.0,93.38172043010752,95.71767025089606,0.4157706093189964,0.0
pairing,planar,40.0,93.92731182795697,96.58430107526881,0.4050179211469534,0.0
min landmark,non-planar,2.0,92.65258064516128,96.3590350877193,0.8193548387096774,0.01935483870967742
min landmark,non-planar,5.0,87.92096774193548,96.82598639455782,0.1935483870967742,0.05161290322580645
min landmark,non-planar,10.0,87.92096774193548,96.82598639455782,0.1935483870967742,0.05161290322580645
min landmark,planar,2.0,89.75901075268817,93.19262693156733,0.6365591397849463,0.025806451612903226
min landmark,planar,5.0,84.36047311827957,94.311351981352,0.26666666666666666,0.07741935483870968
min landmark,planar,10.0,84.36582795698925,94.311351981352,0.26666666666666666,0.07741935483870968
sensitivity,non-planar,1.0,89.49817204301075,96.66684603886397,0.4021505376344086,0.04086021505376344
sensitivity,non-planar,2.0,89.49817204301075,96.66684603886397,0.4021505376344086,0.04086021505376344
sensitivity,non-planar,3.0,89.49817204301075,96.66684603886397,0.4021505376344086,0.04086021505376344
sensitivity,planar,1.0,86.161770609319,93.92479023646074,0.3899641577060932,0.060215053763440864
sensitivity,planar,2.0,86.16177060931899,93.92479023646074,0.3899641577060932,0.060215053763440864
sensitivity,planar,3.0,86.161770609319,93.92479023646074,0.3899641577060932,0.060215053763440864
neighbors,non-planar,1.0,89.54017204301076,96.722533632287,0.3978494623655914,0.04086021505376344
neighbors,non-planar,5.0,89.54393548387097,96.67286995515697,0.410752688172043,0.04086021505376344
neighbors,non-planar,15.0,89.41040860215054,96.60513452914797,0.3978494623655914,0.04086021505376344
neighbors,planar,1.0,86.21251612903227,93.94157894736843,0.37849462365591396,0.060215053763440864
neighbors,planar,5.0,86.26791397849463,93.9621052631579,0.4043010752688172,0.060215053763440864
neighbors,planar,15.0,86.0048817204301,93.87068649885583,0.3870967741935484,0.060215053763440864
