,,,,,errors,errors,mean TLD,mean TLD,mean gen-5 BD,mean gen-5 BD,median recovery,median recovery,passes,passes,worst TLD,worst TLD,changes from default
tree,,,,,non-planar,planar,non-planar,planar,non-planar,planar,non-planar,planar,non-planar,planar,non-planar,planar,
combo,maximum_pairing_distance,minimum_landmark_distance,sensitivity_multiplier,projection_neighbors,,,,,,,,,,,,,
pair 40 · lmk 2 · sens 2 · nbr 5,40.0,2.0,2.0,5,0.0,0.0,98.09387096774196,96.08,100.0,97.58032258064516,0.9775910364145658,0.9792221630261054,31.0,23.0,96.69,65.09,2
pair 40 · lmk 2 · sens 1 · nbr 5,40.0,2.0,1.0,5,0.0,0.0,98.09387096774196,96.08,100.0,97.58032258064516,0.9775910364145658,0.9792221630261054,31.0,23.0,96.69,65.09,3
pair 40 · lmk 2 · sens 3 · nbr 5,40.0,2.0,3.0,5,0.0,0.0,98.09387096774196,96.08,100.0,97.58032258064516,0.9775910364145658,0.9792221630261054,31.0,23.0,96.69,65.09,3
pair 40 · lmk 2 · sens 2 · nbr 1,40.0,2.0,2.0,1,0.0,0.0,98.05419354838712,95.93193548387096,100.0,97.31129032258063,0.977542932628798,0.9792221630261054,31.0,21.0,96.57,65.22,3
pair 40 · lmk 2 · sens 1 · nbr 1,40.0,2.0,1.0,1,0.0,0.0,98.05419354838712,95.93193548387096,100.0,97.31129032258063,0.977542932628798,0.9792221630261054,31.0,21.0,96.57,65.22,4
pair 40 · lmk 2 · sens 3 · nbr 1,40.0,2.0,3.0,1,0.0,0.0,98.05419354838712,95.93193548387096,100.0,97.31129032258063,0.977542932628798,0.9792221630261054,31.0,21.0,96.57,65.22,4
pair 20 · lmk 2 · sens 2 · nbr 5,20.0,2.0,2.0,5,0.0,0.0,97.98322580645164,96.46096774193549,100.0,97.31161290322581,0.977542932628798,0.982509972384167,30.0,24.0,94.61,71.26,2
pair 20 · lmk 2 · sens 1 · nbr 5,20.0,2.0,1.0,5,0.0,0.0,97.98322580645164,96.46096774193549,100.0,97.31161290322581,0.977542932628798,0.982509972384167,30.0,24.0,94.61,71.26,3
pair 20 · lmk 2 · sens 3 · nbr 5,20.0,2.0,3.0,5,0.0,0.0,97.98322580645164,96.46096774193549,100.0,97.31161290322581,0.977542932628798,0.982509972384167,30.0,24.0,94.61,71.26,3
pair 20 · lmk 2 · sens 2 · nbr 1,20.0,2.0,2.0,1,0.0,0.0,97.94354838709678,96.30870967741936,100.0,97.04258064516128,0.9764599366229063,0.9798774259448417,30.0,22.0,94.85,71.13,3
pair 20 · lmk 2 · sens 1 · nbr 1,20.0,2.0,1.0,1,0.0,0.0,97.94354838709678,96.30870967741936,100.0,97.04258064516128,0.9764599366229063,0.9798774259448417,30.0,22.0,94.85,71.13,4
pair 20 · lmk 2 · sens 3 · nbr 1,20.0,2.0,3.0,1,0.0,0.0,97.94354838709678,96.30870967741936,100.0,97.04258064516128,0.9764599366229063,0.9798774259448417,30.0,22.0,94.85,71.13,4
pair 40 · lmk 2 · sens 2 · nbr 15,40.0,2.0,2.0,15,0.0,0.0,97.89709677419351,95.77129032258064,99.89935483870968,97.58032258064516,0.9735868448098665,0.9752679307502061,30.0,23.0,96.32,64.96,3
pair 40 · lmk 2 · sens 1 · nbr 15,40.0,2.0,1.0,15,0.0,0.0,97.89709677419351,95.77129032258064,99.89935483870968,97.58032258064516,0.9735868448098665,0.9752679307502061,30.0,23.0,96.32,64.96,4
pair 40 · lmk 2 · sens 3 · nbr 15,40.0,2.0,3.0,15,0.0,0.0,97.89709677419351,95.77129032258064,99.89935483870968,97.58032258064516,0.9735868448098665,0.9752679307502061,30.0,23.0,96.32,64.96,4
pair 20 · lmk 2 · sens 2 · nbr 15,20.0,2.0,2.0,15,0.0,0.0,97.7864516129032,96.18193548387096,99.89935483870968,97.31161290322581,0.973045493352848,0.9753338570306364,29.0,24.0,94.61,70.87,3
pair 20 · lmk 2 · sens 1 · nbr 15,20.0,2.0,1.0,15,0.0,0.0,97.7864516129032,96.18193548387096,99.89935483870968,97.31161290322581,0.973045493352848,0.9753338570306364,29.0,24.0,94.61,70.87,4
pair 20 · lmk 2 · sens 3 · nbr 15,20.0,2.0,3.0,15,0.0,0.0,97.7864516129032,96.18193548387096,99.89935483870968,97.31161290322581,0.973045493352848,0.9753338570306364,29.0,24.0,94.61,70.87,4
pair 10 · lmk 2 · sens 2 · nbr 5,10.0,2.0,2.0,5,0.0,0.0,96.4341935483871,92.32935483870969,97.47967741935483,91.80129032258066,0.9709098411388488,0.9783299964668473,27.0,21.0,77.21,50.26,2
pair 10 · lmk 2 · sens 1 · nbr 5,10.0,2.0,1.0,5,0.0,0.0,96.4341935483871,92.32935483870969,97.47967741935483,91.80129032258066,0.9709098411388488,0.9783299964668473,27.0,21.0,77.21,50.26,3
pair 10 · lmk 2 · sens 3 · nbr 5,10.0,2.0,3.0,5,0.0,0.0,96.4341935483871,92.32935483870969,97.47967741935483,91.80129032258066,0.9709098411388488,0.9783299964668473,27.0,21.0,77.21,50.26,3
pair 10 · lmk 2 · sens 2 · nbr 1,10.0,2.0,2.0,1,0.0,0.0,96.40225806451613,92.14258064516129,97.47967741935483,91.53225806451613,0.9712713936430318,0.9764,27.0,19.0,77.33,50.0,3
pair 10 · lmk 2 · sens 1 · nbr 1,10.0,2.0,1.0,1,0.0,0.0,96.40225806451613,92.14258064516129,97.47967741935483,91.53225806451613,0.9712713936430318,0.9764,27.0,19.0,77.33,50.0,4
pair 10 · lmk 2 · sens 3 · nbr 1,10.0,2.0,3.0,1,0.0,0.0,96.40225806451613,92.14258064516129,97.47967741935483,91.53225806451613,0.9712713936430318,0.9764,27.0,19.0,77.33,50.0,4
pair 10 · lmk 2 · sens 2 · nbr 15,10.0,2.0,2.0,15,0.0,0.0,96.23290322580642,92.13096774193548,97.27806451612904,91.80129032258066,0.9684340829378997,0.9744851258581235,25.0,21.0,77.21,50.26,3
pair 10 · lmk 2 · sens 1 · nbr 15,10.0,2.0,1.0,15,0.0,0.0,96.23290322580642,92.13096774193548,97.27806451612904,91.80129032258066,0.9684340829378997,0.9744851258581235,25.0,21.0,77.21,50.26,4
pair 10 · lmk 2 · sens 3 · nbr 15,10.0,2.0,3.0,15,0.0,0.0,96.23290322580642,92.13096774193548,97.27806451612904,91.80129032258066,0.9684340829378997,0.9744851258581235,25.0,21.0,77.21,50.26,4
pair 40 · lmk 5 · sens 2 · nbr 1,40.0,5.0,2.0,1,0.0,0.0,93.79387096774194,93.04838709677419,97.58193548387096,96.10193548387096,0.9198692663135355,0.9182636804433155,4.0,8.0,90.44,71.39,2
pair 40 · lmk 10 · sens 2 · nbr 1,40.0,10.0,2.0,1,0.0,0.0,93.79387096774194,93.04838709677419,97.58193548387096,96.10193548387096,0.9198692663135355,0.9182636804433155,4.0,8.0,90.44,71.39,3
pair 40 · lmk 5 · sens 1 · nbr 1,40.0,5.0,1.0,1,0.0,0.0,93.79387096774194,93.04838709677419,97.58193548387096,96.10193548387096,0.9198692663135355,0.9182636804433155,4.0,8.0,90.44,71.39,3
pair 40 · lmk 5 · sens 3 · nbr 1,40.0,5.0,3.0,1,0.0,0.0,93.79387096774194,93.04838709677419,97.58193548387096,96.10193548387096,0.9198692663135355,0.9182636804433155,4.0,8.0,90.44,71.39,3
pair 40 · lmk 10 · sens 1 · nbr 1,40.0,10.0,1.0,1,0.0,0.0,93.79387096774194,93.04838709677419,97.58193548387096,96.10193548387096,0.9198692663135355,0.9182636804433155,4.0,8.0,90.44,71.39,4
pair 40 · lmk 10 · sens 3 · nbr 1,40.0,10.0,3.0,1,0.0,0.0,93.79387096774194,93.04838709677419,97.58193548387096,96.10193548387096,0.9198692663135355,0.9182636804433155,4.0,8.0,90.44,71.39,4
pair 40 · lmk 5 · sens 2 · nbr 5,40.0,5.0,2.0,5,0.0,0.0,93.78129032258066,93.01903225806453,97.48064516129033,96.10129032258064,0.9226868026597543,0.9182636804433155,5.0,8.0,90.56,70.87,1
pair 40 · lmk 10 · sens 2 · nbr 5,40.0,10.0,2.0,5,0.0,0.0,93.78129032258066,93.01903225806453,97.48064516129033,96.10129032258064,0.9226868026597543,0.9182636804433155,5.0,8.0,90.56,70.87,2
pair 40 · lmk 5 · sens 1 · nbr 5,40.0,5.0,1.0,5,0.0,0.0,93.78129032258066,93.01903225806453,97.48064516129033,96.10129032258064,0.9226868026597543,0.9182636804433155,5.0,8.0,90.56,70.87,2
pair 40 · lmk 5 · sens 3 · nbr 5,40.0,5.0,3.0,5,0.0,0.0,93.78129032258066,93.01903225806453,97.48064516129033,96.10129032258064,0.9226868026597543,0.9182636804433155,5.0,8.0,90.56,70.87,2
pair 40 · lmk 10 · sens 1 · nbr 5,40.0,10.0,1.0,5,0.0,0.0,93.78129032258066,93.01903225806453,97.48064516129033,96.10129032258064,0.9226868026597543,0.9182636804433155,5.0,8.0,90.56,70.87,3
pair 40 · lmk 10 · sens 3 · nbr 5,40.0,10.0,3.0,5,0.0,0.0,93.78129032258066,93.01903225806453,97.48064516129033,96.10129032258064,0.9226868026597543,0.9182636804433155,5.0,8.0,90.56,70.87,3
pair 40 · lmk 5 · sens 2 · nbr 15,40.0,5.0,2.0,15,0.0,0.0,93.67548387096775,92.71387096774195,97.27935483870968,95.9674193548387,0.9216009903032805,0.9073621298560175,5.0,7.0,90.44,70.73,2
pair 40 · lmk 10 · sens 2 · nbr 15,40.0,10.0,2.0,15,0.0,0.0,93.67548387096775,92.71387096774195,97.27935483870968,95.9674193548387,0.9216009903032805,0.9073621298560175,5.0,7.0,90.44,70.73,3
pair 40 · lmk 5 · sens 1 · nbr 15,40.0,5.0,1.0,15,0.0,0.0,93.67548387096775,92.71387096774195,97.27935483870968,95.9674193548387,0.9216009903032805,0.9073621298560175,5.0,7.0,90.44,70.73,3
pair 40 · lmk 5 · sens 3 · nbr 15,40.0,5.0,3.0,15,0.0,0.0,93.67548387096775,92.71387096774195,97.27935483870968,95.9674193548387,0.9216009903032805,0.9073621298560175,5.0,7.0,90.44,70.73,3
pair 40 · lmk 10 · sens 1 · nbr 15,40.0,10.0,1.0,15,0.0,0.0,93.67548387096775,92.71387096774195,97.27935483870968,95.9674193548387,0.9216009903032805,0.9073621298560175,5.0,7.0,90.44,70.73,4
pair 40 · lmk 10 · sens 3 · nbr 15,40.0,10.0,3.0,15,0.0,0.0,93.67548387096775,92.71387096774195,97.27935483870968,95.9674193548387,0.9216009903032805,0.9073621298560175,5.0,7.0,90.44,70.73,4
pair 20 · lmk 5 · sens 2 · nbr 1,20.0,5.0,2.0,1,0.0,0.0,93.62,92.00709677419356,97.38032258064516,94.75774193548386,0.9191252321023313,0.9179874945470409,4.0,8.0,87.5,63.12,2
pair 20 · lmk 10 · sens 2 · nbr 1,20.0,10.0,2.0,1,0.0,0.0,93.62,92.00709677419356,97.38032258064516,94.75774193548386,0.9191252321023313,0.9179874945470409,4.0,8.0,87.5,63.12,3
pair 20 · lmk 5 · sens 1 · nbr 1,20.0,5.0,1.0,1,0.0,0.0,93.62,92.00709677419356,97.38032258064516,94.75774193548386,0.9191252321023313,0.9179874945470409,4.0,8.0,87.5,63.12,3
pair 20 · lmk 5 · sens 3 · nbr 1,20.0,5.0,3.0,1,0.0,0.0,93.62,92.00709677419356,97.38032258064516,94.75774193548386,0.9191252321023313,0.9179874945470409,4.0,8.0,87.5,63.12,3
pair 20 · lmk 10 · sens 1 · nbr 1,20.0,10.0,1.0,1,0.0,0.0,93.62,92.00709677419356,97.38032258064516,94.75774193548386,0.9191252321023313,0.9179874945470409,4.0,8.0,87.5,63.12,4
pair 20 · lmk 10 · sens 3 · nbr 1,20.0,10.0,3.0,1,0.0,0.0,93.62,92.00709677419356,97.38032258064516,94.75774193548386,0.9191252321023313,0.9179874945470409,4.0,8.0,87.5,63.12,4
pair 20 · lmk 5 · sens 2 · nbr 5,20.0,5.0,2.0,5,0.0,0.0,93.59935483870969,92.02806451612904,97.27903225806452,94.75709677419356,0.9218910585817062,0.9179874945470409,5.0,8.0,87.5,63.25,1
pair 20 · lmk 10 · sens 2 · nbr 5,20.0,10.0,2.0,5,0.0,0.0,93.59935483870969,92.02806451612904,97.27903225806452,94.75709677419356,0.9218910585817062,0.9179874945470409,5.0,8.0,87.5,63.25,2
pair 20 · lmk 5 · sens 1 · nbr 5,20.0,5.0,1.0,5,0.0,0.0,93.59935483870969,92.02806451612904,97.27903225806452,94.75709677419356,0.9218910585817062,0.9179874945470409,5.0,8.0,87.5,63.25,2
pair 20 · lmk 5 · sens 3 · nbr 5,20.0,5.0,3.0,5,0.0,0.0,93.59935483870969,92.02806451612904,97.27903225806452,94.75709677419356,0.9218910585817062,0.9179874945470409,5.0,8.0,87.5,63.25,2
pair 20 · lmk 10 · sens 1 · nbr 5,20.0,10.0,1.0,5,0.0,0.0,93.59935483870969,92.02806451612904,97.27903225806452,94.75709677419356,0.9218910585817062,0.9179874945470409,5.0,8.0,87.5,63.25,3
pair 20 · lmk 10 · sens 3 · nbr 5,20.0,10.0,3.0,5,0.0,0.0,93.59935483870969,92.02806451612904,97.27903225806452,94.75709677419356,0.9218910585817062,0.9179874945470409,5.0,8.0,87.5,63.25,3
pair 20 · lmk 5 · sens 2 · nbr 15,20.0,5.0,2.0,15,0.0,0.0,93.48967741935486,91.7067741935484,97.07774193548387,94.48870967741934,0.918559377027904,0.9071484681853889,5.0,7.0,87.38,62.86,2
pair 20 · lmk 10 · sens 2 · nbr 15,20.0,10.0,2.0,15,0.0,0.0,93.48967741935486,91.7067741935484,97.07774193548387,94.48870967741934,0.918559377027904,0.9071484681853889,5.0,7.0,87.38,62.86,3
pair 20 · lmk 5 · sens 1 · nbr 15,20.0,5.0,1.0,15,0.0,0.0,93.48967741935486,91.7067741935484,97.07774193548387,94.48870967741934,0.918559377027904,0.9071484681853889,5.0,7.0,87.38,62.86,3
pair 20 · lmk 5 · sens 3 · nbr 15,20.0,5.0,3.0,15,0.0,0.0,93.48967741935486,91.7067741935484,97.07774193548387,94.48870967741934,0.918559377027904,0.9071484681853889,5.0,7.0,87.38,62.86,3
pair 20 · lmk 10 · sens 1 · nbr 15,20.0,10.0,1.0,15,0.0,0.0,93.48967741935486,91.7067741935484,97.07774193548387,94.48870967741934,0.918559377027904,0.9071484681853889,5.0,7.0,87.38,62.86,4
pair 20 · lmk 10 · sens 3 · nbr 15,20.0,10.0,3.0,15,0.0,0.0,93.48967741935486,91.7067741935484,97.07774193548387,94.48870967741934,0.918559377027904,0.9071484681853889,5.0,7.0,87.38,62.86,4
pair 10 · lmk 5 · sens 2 · nbr 5,10.0,5.0,2.0,5,0.0,0.0,91.99935483870968,88.47258064516129,94.86,89.91870967741934,0.9193764462306662,0.9071484681853889,4.0,8.0,69.73,39.63,1
pair 10 · lmk 10 · sens 2 · nbr 5,10.0,10.0,2.0,5,0.0,0.0,91.99935483870968,88.47258064516129,94.86,89.91870967741934,0.9193764462306662,0.9071484681853889,4.0,8.0,69.73,39.63,2
pair 10 · lmk 5 · sens 1 · nbr 5,10.0,5.0,1.0,5,0.0,0.0,91.99935483870968,88.47258064516129,94.86,89.91870967741934,0.9193764462306662,0.9071484681853889,4.0,8.0,69.73,39.63,2
pair 10 · lmk 5 · sens 3 · nbr 5,10.0,5.0,3.0,5,0.0,0.0,91.99935483870968,88.47258064516129,94.86,89.91870967741934,0.9193764462306662,0.9071484681853889,4.0,8.0,69.73,39.63,2
pair 10 · lmk 10 · sens 1 · nbr 5,10.0,10.0,1.0,5,0.0,0.0,91.99935483870968,88.47258064516129,94.86,89.91870967741934,0.9193764462306662,0.9071484681853889,4.0,8.0,69.73,39.63,3
pair 10 · lmk 10 · sens 3 · nbr 5,10.0,10.0,3.0,5,0.0,0.0,91.99935483870968,88.47258064516129,94.86,89.91870967741934,0.9193764462306662,0.9071484681853889,4.0,8.0,69.73,39.63,3
pair 10 · lmk 5 · sens 2 · nbr 1,10.0,5.0,2.0,1,0.0,0.0,91.99580645161292,88.48903225806453,94.96129032258065,90.05354838709677,0.9190391459074733,0.9071484681853889,3.0,8.0,69.61,39.76,2
pair 10 · lmk 10 · sens 2 · nbr 1,10.0,10.0,2.0,1,0.0,0.0,91.99580645161292,88.48903225806453,94.96129032258065,90.05354838709677,0.9190391459074733,0.9071484681853889,3.0,8.0,69.61,39.76,3
pair 10 · lmk 5 · sens 1 · nbr 1,10.0,5.0,1.0,1,0.0,0.0,91.99580645161292,88.48903225806453,94.96129032258065,90.05354838709677,0.9190391459074733,0.9071484681853889,3.0,8.0,69.61,39.76,3
pair 10 · lmk 5 · sens 3 · nbr 1,10.0,5.0,3.0,1,0.0,0.0,91.99580645161292,88.48903225806453,94.96129032258065,90.05354838709677,0.9190391459074733,0.9071484681853889,3.0,8.0,69.61,39.76,3
pair 10 · lmk 10 · sens 1 · nbr 1,10.0,10.0,1.0,1,0.0,0.0,91.99580645161292,88.48903225806453,94.96129032258065,90.05354838709677,0.9190391459074733,0.9071484681853889,3.0,8.0,69.61,39.76,4
pair 10 · lmk 10 · sens 3 · nbr 1,10.0,10.0,3.0,1,0.0,0.0,91.99580645161292,88.48903225806453,94.96129032258065,90.05354838709677,0.9190391459074733,0.9071484681853889,3.0,8.0,69.61,39.76,4
pair 10 · lmk 5 · sens 2 · nbr 15,10.0,5.0,2.0,15,0.0,0.0,91.88129032258065,88.18903225806451,94.65870967741935,89.51548387096773,0.9164535379369139,0.8963446027115153,4.0,7.0,69.98,39.37,2
pair 10 · lmk 10 · sens 2 · nbr 15,10.0,10.0,2.0,15,0.0,0.0,91.88129032258065,88.18903225806451,94.65870967741935,89.51548387096773,0.9164535379369139,0.8963446027115153,4.0,7.0,69.98,39.37,3
pair 10 · lmk 5 · sens 1 · nbr 15,10.0,5.0,1.0,15,0.0,0.0,91.88129032258065,88.18903225806451,94.65870967741935,89.51548387096773,0.9164535379369139,0.8963446027115153,4.0,7.0,69.98,39.37,3
pair 10 · lmk 5 · sens 3 · nbr 15,10.0,5.0,3.0,15,0.0,0.0,91.88129032258065,88.18903225806451,94.65870967741935,89.51548387096773,0.9164535379369139,0.8963446027115153,4.0,7.0,69.98,39.37,3
pair 10 · lmk 10 · sens 1 · nbr 15,10.0,10.0,1.0,15,0.0,0.0,91.88129032258065,88.18903225806451,94.65870967741935,89.51548387096773,0.9164535379369139,0.8963446027115153,4.0,7.0,69.98,39.37,4
pair 10 · lmk 10 · sens 3 · nbr 15,10.0,10.0,3.0,15,0.0,0.0,91.88129032258065,88.18903225806451,94.65870967741935,89.51548387096773,0.9164535379369139,0.8963446027115153,4.0,7.0,69.98,39.37,4
pair 5 · lmk 2 · sens 2 · nbr 5,5.0,2.0,2.0,5,0.0,0.0,91.10935483870966,88.06612903225808,93.54838709677419,86.82774193548387,0.9664470349721237,0.9744851258581235,22.0,19.0,27.33,32.41,1
pair 5 · lmk 2 · sens 1 · nbr 5,5.0,2.0,1.0,5,0.0,0.0,91.10935483870966,88.06612903225808,93.54838709677419,86.82774193548387,0.9664470349721237,0.9744851258581235,22.0,19.0,27.33,32.41,2
pair 5 · lmk 2 · sens 3 · nbr 5,5.0,2.0,3.0,5,0.0,0.0,91.10935483870966,88.06612903225808,93.54838709677419,86.82774193548387,0.9664470349721237,0.9744851258581235,22.0,19.0,27.33,32.41,2
pair 5 · lmk 2 · sens 2 · nbr 1,5.0,2.0,2.0,1,0.0,0.0,91.07677419354837,87.90967741935484,93.4474193548387,86.82741935483871,0.963422707712678,0.9580091533180778,22.0,17.0,27.45,32.02,2
pair 5 · lmk 2 · sens 1 · nbr 1,5.0,2.0,1.0,1,0.0,0.0,91.07677419354837,87.90967741935484,93.4474193548387,86.82741935483871,0.963422707712678,0.9580091533180778,22.0,17.0,27.45,32.02,3
pair 5 · lmk 2 · sens 3 · nbr 1,5.0,2.0,3.0,1,0.0,0.0,91.07677419354837,87.90967741935484,93.4474193548387,86.82741935483871,0.963422707712678,0.9580091533180778,22.0,17.0,27.45,32.02,3
pair 5 · lmk 2 · sens 2 · nbr 15,5.0,2.0,2.0,15,0.0,0.0,90.92387096774192,87.79935483870968,93.64935483870968,86.55935483870968,0.9626334519572954,0.9630579784504875,21.0,19.0,27.33,32.41,2
pair 5 · lmk 2 · sens 1 · nbr 15,5.0,2.0,1.0,15,0.0,0.0,90.92387096774192,87.79935483870968,93.64935483870968,86.55935483870968,0.9626334519572954,0.9630579784504875,21.0,19.0,27.33,32.41,3
pair 5 · lmk 2 · sens 3 · nbr 15,5.0,2.0,3.0,15,0.0,0.0,90.92387096774192,87.79935483870968,93.64935483870968,86.55935483870968,0.9626334519572954,0.9630579784504875,21.0,19.0,27.33,32.41,3
pair 5 · lmk 5 · sens 2 · nbr 1,5.0,5.0,2.0,1,1.0,3.0,87.38193548387098,81.08129032258066,93.23100000000001,93.30321428571428,0.9191252321023313,0.8980259793392656,3.0,8.0,0.0,0.0,1
pair 5 · lmk 10 · sens 2 · nbr 1,5.0,10.0,2.0,1,1.0,3.0,87.38193548387098,81.08129032258066,93.23100000000001,93.30321428571428,0.9191252321023313,0.8980259793392656,3.0,8.0,0.0,0.0,2
pair 5 · lmk 5 · sens 1 · nbr 1,5.0,5.0,1.0,1,1.0,3.0,87.38193548387098,81.08129032258066,93.23100000000001,93.30321428571428,0.9191252321023313,0.8980259793392656,3.0,8.0,0.0,0.0,2
pair 5 · lmk 5 · sens 3 · nbr 1,5.0,5.0,3.0,1,1.0,3.0,87.38193548387098,81.08129032258066,93.23100000000001,93.30321428571428,0.9191252321023313,0.8980259793392656,3.0,8.0,0.0,0.0,2
pair 5 · lmk 10 · sens 1 · nbr 1,5.0,10.0,1.0,1,1.0,3.0,87.38193548387098,81.08129032258066,93.23100000000001,93.30321428571428,0.9191252321023313,0.8980259793392656,3.0,8.0,0.0,0.0,3
pair 5 · lmk 10 · sens 3 · nbr 1,5.0,10.0,3.0,1,1.0,3.0,87.38193548387098,81.08129032258066,93.23100000000001,93.30321428571428,0.9191252321023313,0.8980259793392656,3.0,8.0,0.0,0.0,3
pair 5 · lmk 5 · sens 2 · nbr 5,5.0,5.0,2.0,5,1.0,3.0,87.36161290322579,81.11935483870968,93.02233333333334,93.15392857142855,0.9193764462306662,0.8952643960315025,4.0,8.0,0.0,0.0,0
pair 5 · lmk 10 · sens 2 · nbr 5,5.0,10.0,2.0,5,1.0,3.0,87.36161290322579,81.11935483870968,93.02233333333334,93.15392857142855,0.9193764462306662,0.8952643960315025,4.0,8.0,0.0,0.0,1
pair 5 · lmk 5 · sens 1 · nbr 5,5.0,5.0,1.0,5,1.0,3.0,87.36161290322579,81.11935483870968,93.02233333333334,93.15392857142855,0.9193764462306662,0.8952643960315025,4.0,8.0,0.0,0.0,1
pair 5 · lmk 5 · sens 3 · nbr 5,5.0,5.0,3.0,5,1.0,3.0,87.36161290322579,81.11935483870968,93.02233333333334,93.15392857142855,0.9193764462306662,0.8952643960315025,4.0,8.0,0.0,0.0,1
pair 5 · lmk 10 · sens 1 · nbr 5,5.0,10.0,1.0,5,1.0,3.0,87.36161290322579,81.11935483870968,93.02233333333334,93.15392857142855,0.9193764462306662,0.8952643960315025,4.0,8.0,0.0,0.0,2
pair 5 · lmk 10 · sens 3 · nbr 5,5.0,10.0,3.0,5,1.0,3.0,87.36161290322579,81.11935483870968,93.02233333333334,93.15392857142855,0.9193764462306662,0.8952643960315025,4.0,8.0,0.0,0.0,2
pair 5 · lmk 5 · sens 2 · nbr 15,5.0,5.0,2.0,15,1.0,3.0,87.2441935483871,80.81032258064516,92.70966666666666,92.26142857142857,0.9128137384412154,0.8926050935869899,4.0,7.0,0.0,0.0,1
pair 5 · lmk 10 · sens 2 · nbr 15,5.0,10.0,2.0,15,1.0,3.0,87.2441935483871,80.81032258064516,92.70966666666666,92.26142857142857,0.9128137384412154,0.8926050935869899,4.0,7.0,0.0,0.0,2
pair 5 · lmk 5 · sens 1 · nbr 15,5.0,5.0,1.0,15,1.0,3.0,87.2441935483871,80.81032258064516,92.70966666666666,92.26142857142857,0.9128137384412154,0.8926050935869899,4.0,7.0,0.0,0.0,2
pair 5 · lmk 5 · sens 3 · nbr 15,5.0,5.0,3.0,15,1.0,3.0,87.2441935483871,80.81032258064516,92.70966666666666,92.26142857142857,0.9128137384412154,0.8926050935869899,4.0,7.0,0.0,0.0,2
pair 5 · lmk 10 · sens 1 · nbr 15,5.0,10.0,1.0,15,1.0,3.0,87.2441935483871,80.81032258064516,92.70966666666666,92.26142857142857,0.9128137384412154,0.8926050935869899,4.0,7.0,0.0,0.0,3
pair 5 · lmk 10 · sens 3 · nbr 15,5.0,10.0,3.0,15,1.0,3.0,87.2441935483871,80.81032258064516,92.70966666666666,92.26142857142857,0.9128137384412154,0.8926050935869899,4.0,7.0,0.0,0.0,3
pair 2.5 · lmk 2 · sens 2 · nbr 1,2.5,2.0,2.0,1,3.0,4.0,80.00451612903225,76.46387096774193,90.40214285714286,88.42555555555555,0.9594505130751406,0.9195049606218676,19.0,13.0,0.0,0.0,3
pair 2.5 · lmk 2 · sens 1 · nbr 1,2.5,2.0,1.0,1,3.0,4.0,80.00451612903225,76.46387096774193,90.40214285714286,88.42555555555555,0.9594505130751406,0.9195049606218676,19.0,13.0,0.0,0.0,4
pair 2.5 · lmk 2 · sens 3 · nbr 1,2.5,2.0,3.0,1,3.0,4.0,80.00451612903225,76.46387096774193,90.40214285714286,88.42555555555555,0.9594505130751406,0.9195049606218676,19.0,13.0,0.0,0.0,4
pair 2.5 · lmk 2 · sens 2 · nbr 5,2.5,2.0,2.0,5,3.0,4.0,79.97645161290323,76.51483870967742,90.17821428571428,88.2711111111111,0.9594505130751406,0.920834611844124,19.0,15.0,0.0,0.0,2
pair 2.5 · lmk 2 · sens 1 · nbr 5,2.5,2.0,1.0,5,3.0,4.0,79.97645161290323,76.51483870967742,90.17821428571428,88.2711111111111,0.9594505130751406,0.920834611844124,19.0,15.0,0.0,0.0,3
pair 2.5 · lmk 2 · sens 3 · nbr 5,2.5,2.0,3.0,5,3.0,4.0,79.97645161290323,76.51483870967742,90.17821428571428,88.2711111111111,0.9594505130751406,0.920834611844124,19.0,15.0,0.0,0.0,3
pair 2.5 · lmk 2 · sens 2 · nbr 15,2.5,2.0,2.0,15,3.0,4.0,79.86999999999999,76.29354838709678,90.40214285714286,88.11740740740741,0.9533267130089376,0.9091841970241148,18.0,15.0,0.0,0.0,3
pair 2.5 · lmk 2 · sens 1 · nbr 15,2.5,2.0,1.0,15,3.0,4.0,79.86999999999999,76.29354838709678,90.40214285714286,88.11740740740741,0.9533267130089376,0.9091841970241148,18.0,15.0,0.0,0.0,4
pair 2.5 · lmk 2 · sens 3 · nbr 15,2.5,2.0,3.0,15,3.0,4.0,79.86999999999999,76.29354838709678,90.40214285714286,88.11740740740741,0.9533267130089376,0.9091841970241148,18.0,15.0,0.0,0.0,4
pair 2.5 · lmk 5 · sens 2 · nbr 5,2.5,5.0,2.0,5,7.0,9.0,73.03935483870967,67.63193548387096,97.39666666666666,97.91636363636363,0.9302916370287573,0.9167433773141045,13.0,11.0,0.0,0.0,1
pair 2.5 · lmk 10 · sens 2 · nbr 5,2.5,10.0,2.0,5,7.0,9.0,73.03935483870967,67.6574193548387,97.39666666666666,97.91636363636363,0.9302916370287573,0.9167433773141045,13.0,11.0,0.0,0.0,2
pair 2.5 · lmk 5 · sens 1 · nbr 5,2.5,5.0,1.0,5,7.0,9.0,73.03935483870967,67.63193548387096,97.39666666666666,97.91636363636363,0.9302916370287573,0.9167433773141045,13.0,11.0,0.0,0.0,2
pair 2.5 · lmk 5 · sens 3 · nbr 5,2.5,5.0,3.0,5,7.0,9.0,73.03935483870967,67.63193548387096,97.39666666666666,97.91636363636363,0.9302916370287573,0.9167433773141045,13.0,11.0,0.0,0.0,2
pair 2.5 · lmk 10 · sens 1 · nbr 5,2.5,10.0,1.0,5,7.0,9.0,73.03935483870967,67.6574193548387,97.39666666666666,97.91636363636363,0.9302916370287573,0.9167433773141045,13.0,11.0,0.0,0.0,3
pair 2.5 · lmk 10 · sens 3 · nbr 5,2.5,10.0,3.0,5,7.0,9.0,73.03935483870967,67.6574193548387,97.39666666666666,97.91636363636363,0.9302916370287573,0.9167433773141045,13.0,11.0,0.0,0.0,3
pair 2.5 · lmk 5 · sens 2 · nbr 1,2.5,5.0,2.0,1,7.0,9.0,73.01903225806451,67.57709677419355,97.13666666666666,97.72681818181817,0.9289706330657455,0.9163558870538097,14.0,10.0,0.0,0.0,2
pair 2.5 · lmk 10 · sens 2 · nbr 1,2.5,10.0,2.0,1,7.0,9.0,73.01903225806451,67.60225806451614,97.13666666666666,97.72681818181817,0.9289706330657455,0.9163558870538097,14.0,10.0,0.0,0.0,3
pair 2.5 · lmk 5 · sens 1 · nbr 1,2.5,5.0,1.0,1,7.0,9.0,73.01903225806451,67.57709677419355,97.13666666666666,97.72681818181817,0.9289706330657455,0.9163558870538097,14.0,10.0,0.0,0.0,3
pair 2.5 · lmk 5 · sens 3 · nbr 1,2.5,5.0,3.0,1,7.0,9.0,73.01903225806451,67.57709677419355,97.13666666666666,97.72681818181817,0.9289706330657455,0.9163558870538097,14.0,10.0,0.0,0.0,3
pair 2.5 · lmk 10 · sens 1 · nbr 1,2.5,10.0,1.0,1,7.0,9.0,73.01903225806451,67.60225806451614,97.13666666666666,97.72681818181817,0.9289706330657455,0.9163558870538097,14.0,10.0,0.0,0.0,4
pair 2.5 · lmk 10 · sens 3 · nbr 1,2.5,10.0,3.0,1,7.0,9.0,73.01903225806451,67.60225806451614,97.13666666666666,97.72681818181817,0.9289706330657455,0.9163558870538097,14.0,10.0,0.0,0.0,4
pair 2.5 · lmk 5 · sens 2 · nbr 15,2.5,5.0,2.0,15,7.0,9.0,72.93225806451612,67.51322580645163,97.65666666666668,97.72681818181817,0.9239914642820851,0.9180730285363607,13.0,11.0,0.0,0.0,2
pair 2.5 · lmk 10 · sens 2 · nbr 15,2.5,10.0,2.0,15,7.0,9.0,72.93225806451612,67.54290322580646,97.65666666666668,97.72681818181817,0.9239914642820851,0.9180730285363607,13.0,11.0,0.0,0.0,3
pair 2.5 · lmk 5 · sens 1 · nbr 15,2.5,5.0,1.0,15,7.0,9.0,72.93225806451612,67.51322580645163,97.65666666666668,97.72681818181817,0.9239914642820851,0.9180730285363607,13.0,11.0,0.0,0.0,3
pair 2.5 · lmk 5 · sens 3 · nbr 15,2.5,5.0,3.0,15,7.0,9.0,72.93225806451612,67.51322580645163,97.65666666666668,97.72681818181817,0.9239914642820851,0.9180730285363607,13.0,11.0,0.0,0.0,3
pair 2.5 · lmk 10 · sens 1 · nbr 15,2.5,10.0,1.0,15,7.0,9.0,72.93225806451612,67.54290322580646,97.65666666666668,97.72681818181817,0.9239914642820851,0.9180730285363607,13.0,11.0,0.0,0.0,4
pair 2.5 · lmk 10 · sens 3 · nbr 15,2.5,10.0,3.0,15,7.0,9.0,72.93225806451612,67.54290322580646,97.65666666666668,97.72681818181817,0.9239914642820851,0.9180730285363607,13.0,11.0,0.0,0.0,4
